This is pdfTeX, Version 3.141592653-2.6-1.40.28 (TeX Live 2025) (preloaded format=pdflatex 2025.11.13)  26 NOV 2025 15:26
entering extended mode
 restricted \write18 enabled.
 file:line:error style messages enabled.
 %&-line parsing enabled.
**"c:/Users/ggenelot/Nouveau dossier/Memoire/report.tex"
(c:/Users/ggenelot/Nouveau dossier/Memoire/report.tex
LaTeX2e <2025-11-01>
L3 programming layer <2025-10-24>
(./layout/epfl-report.cls
Document Class: layout/epfl-report 17-12-2022 v1.1 EPFL Report Class
(c:/texlive/2025/texmf-dist/tex/latex/base/book.cls
Document Class: book 2025/01/22 v1.4n Standard LaTeX document class
(c:/texlive/2025/texmf-dist/tex/latex/base/bk10.clo
File: bk10.clo 2025/01/22 v1.4n Standard LaTeX file (size option)
)
\c@part=\count275
\c@chapter=\count276
\c@section=\count277
\c@subsection=\count278
\c@subsubsection=\count279
\c@paragraph=\count280
\c@subparagraph=\count281
\c@figure=\count282
\c@table=\count283
\abovecaptionskip=\skip49
\belowcaptionskip=\skip50
\bibindent=\dimen148
) (c:/texlive/2025/texmf-dist/tex/latex/mathtools/mathtools.sty
Package: mathtools 2024/10/04 v1.31 mathematical typesetting tools
 (c:/texlive/2025/texmf-dist/tex/latex/graphics/keyval.sty
Package: keyval 2022/05/29 v1.15 key=value parser (DPC)
\KV@toks@=\toks17
) (c:/texlive/2025/texmf-dist/tex/latex/tools/calc.sty
Package: calc 2025/03/01 v4.3b Infix arithmetic (KKT,FJ)
\calc@Acount=\count284
\calc@Bcount=\count285
\calc@Adimen=\dimen149
\calc@Bdimen=\dimen150
\calc@Askip=\skip51
\calc@Bskip=\skip52
LaTeX Info: Redefining \setlength on input line 86.
LaTeX Info: Redefining \addtolength on input line 87.
\calc@Ccount=\count286
\calc@Cskip=\skip53
) (c:/texlive/2025/texmf-dist/tex/latex/mathtools/mhsetup.sty
Package: mhsetup 2021/03/18 v1.4 programming setup (MH)
) (c:/texlive/2025/texmf-dist/tex/latex/amsmath/amsmath.sty
Package: amsmath 2025/07/09 v2.17z AMS math features
\@mathmargin=\skip54

For additional information on amsmath, use the `?' option.
(c:/texlive/2025/texmf-dist/tex/latex/amsmath/amstext.sty
Package: amstext 2024/11/17 v2.01 AMS text
 (c:/texlive/2025/texmf-dist/tex/latex/amsmath/amsgen.sty
File: amsgen.sty 1999/11/30 v2.0 generic functions
\@emptytoks=\toks18
\ex@=\dimen151
)) (c:/texlive/2025/texmf-dist/tex/latex/amsmath/amsbsy.sty
Package: amsbsy 1999/11/29 v1.2d Bold Symbols
\pmbraise@=\dimen152
) (c:/texlive/2025/texmf-dist/tex/latex/amsmath/amsopn.sty
Package: amsopn 2022/04/08 v2.04 operator names
)
\inf@bad=\count287
LaTeX Info: Redefining \frac on input line 233.
\uproot@=\count288
\leftroot@=\count289
LaTeX Info: Redefining \overline on input line 398.
LaTeX Info: Redefining \colon on input line 409.
\classnum@=\count290
\DOTSCASE@=\count291
LaTeX Info: Redefining \ldots on input line 495.
LaTeX Info: Redefining \dots on input line 498.
LaTeX Info: Redefining \cdots on input line 619.
\Mathstrutbox@=\box53
\strutbox@=\box54
LaTeX Info: Redefining \big on input line 721.
LaTeX Info: Redefining \Big on input line 722.
LaTeX Info: Redefining \bigg on input line 723.
LaTeX Info: Redefining \Bigg on input line 724.
\big@size=\dimen153
LaTeX Font Info:    Redeclaring font encoding OML on input line 742.
LaTeX Font Info:    Redeclaring font encoding OMS on input line 743.
\macc@depth=\count292
LaTeX Info: Redefining \bmod on input line 904.
LaTeX Info: Redefining \pmod on input line 909.
LaTeX Info: Redefining \smash on input line 939.
LaTeX Info: Redefining \relbar on input line 969.
LaTeX Info: Redefining \Relbar on input line 970.
\c@MaxMatrixCols=\count293
\dotsspace@=\muskip17
\c@parentequation=\count294
\dspbrk@lvl=\count295
\tag@help=\toks19
\row@=\count296
\column@=\count297
\maxfields@=\count298
\andhelp@=\toks20
\eqnshift@=\dimen154
\alignsep@=\dimen155
\tagshift@=\dimen156
\tagwidth@=\dimen157
\totwidth@=\dimen158
\lineht@=\dimen159
\@envbody=\toks21
\multlinegap=\skip55
\multlinetaggap=\skip56
\mathdisplay@stack=\toks22
LaTeX Info: Redefining \[ on input line 2950.
LaTeX Info: Redefining \] on input line 2951.
)
\g_MT_multlinerow_int=\count299
\l_MT_multwidth_dim=\dimen160
\origjot=\skip57
\l_MT_shortvdotswithinadjustabove_dim=\dimen161
\l_MT_shortvdotswithinadjustbelow_dim=\dimen162
\l_MT_above_intertext_sep=\dimen163
\l_MT_below_intertext_sep=\dimen164
\l_MT_above_shortintertext_sep=\dimen165
\l_MT_below_shortintertext_sep=\dimen166
\xmathstrut@box=\box55
\xmathstrut@dim=\dimen167
) (c:/texlive/2025/texmf-dist/tex/latex/amsfonts/amssymb.sty
Package: amssymb 2013/01/14 v3.01 AMS font symbols
 (c:/texlive/2025/texmf-dist/tex/latex/amsfonts/amsfonts.sty
Package: amsfonts 2013/01/14 v3.01 Basic AMSFonts support
\symAMSa=\mathgroup4
\symAMSb=\mathgroup5
LaTeX Font Info:    Redeclaring math symbol \hbar on input line 98.
LaTeX Font Info:    Overwriting math alphabet `\mathfrak' in version `bold'
(Font)                  U/euf/m/n --> U/euf/b/n on input line 106.
)) (c:/texlive/2025/texmf-dist/tex/latex/siunitx/siunitx.sty
Package: siunitx 2025-07-09 v3.4.14 A comprehensive (SI) units package
\l__siunitx_number_uncert_offset_int=\count300
\l__siunitx_number_exponent_fixed_int=\count301
\l__siunitx_number_min_decimal_int=\count302
\l__siunitx_number_min_integer_int=\count303
\l__siunitx_number_round_precision_int=\count304
\l__siunitx_number_lower_threshold_int=\count305
\l__siunitx_number_upper_threshold_int=\count306
\l__siunitx_number_group_first_int=\count307
\l__siunitx_number_group_size_int=\count308
\l__siunitx_number_group_minimum_int=\count309
\l__siunitx_angle_tmp_dim=\dimen168
\l__siunitx_angle_marker_box=\box56
\l__siunitx_angle_unit_box=\box57
\l__siunitx_compound_count_int=\count310
 (c:/texlive/2025/texmf-dist/tex/latex/translations/translations.sty
Package: translations 2022/02/05 v1.12 internationalization of LaTeX2e packages (CN)
 (c:/texlive/2025/texmf-dist/tex/latex/etoolbox/etoolbox.sty
Package: etoolbox 2025/10/02 v2.5m e-TeX tools for LaTeX (JAW)
\etb@tempcnta=\count311
) (c:/texlive/2025/texmf-dist/tex/generic/pdftexcmds/pdftexcmds.sty
Package: pdftexcmds 2020-06-27 v0.33 Utility functions of pdfTeX for LuaTeX (HO)
 (c:/texlive/2025/texmf-dist/tex/generic/infwarerr/infwarerr.sty
Package: infwarerr 2019/12/03 v1.5 Providing info/warning/error messages (HO)
) (c:/texlive/2025/texmf-dist/tex/generic/iftex/iftex.sty
Package: iftex 2024/12/12 v1.0g TeX engine tests
) (c:/texlive/2025/texmf-dist/tex/generic/ltxcmds/ltxcmds.sty
Package: ltxcmds 2023-12-04 v1.26 LaTeX kernel commands for general use (HO)
)
Package pdftexcmds Info: \pdf@primitive is available.
Package pdftexcmds Info: \pdf@ifprimitive is available.
Package pdftexcmds Info: \pdfdraftmode found.
))
\l__siunitx_table_tmp_box=\box58
\l__siunitx_table_tmp_dim=\dimen169
\l__siunitx_table_column_width_dim=\dimen170
\l__siunitx_table_integer_box=\box59
\l__siunitx_table_decimal_box=\box60
\l__siunitx_table_uncert_box=\box61
\l__siunitx_table_before_box=\box62
\l__siunitx_table_after_box=\box63
\l__siunitx_table_before_dim=\dimen171
\l__siunitx_table_carry_dim=\dimen172
\l__siunitx_unit_tmp_int=\count312
\l__siunitx_unit_position_int=\count313
\l__siunitx_unit_total_int=\count314
 (c:/texlive/2025/texmf-dist/tex/latex/tools/array.sty
Package: array 2025/09/25 v2.6n Tabular extension package (FMi)
\col@sep=\dimen173
\ar@mcellbox=\box64
\extrarowheight=\dimen174
\NC@list=\toks23
\extratabsurround=\skip58
\backup@length=\skip59
\ar@cellbox=\box65
)) (c:/texlive/2025/texmf-dist/tex/latex/tools/tabularx.sty
Package: tabularx 2023/12/11 v2.12a `tabularx' package (DPC)
\TX@col@width=\dimen175
\TX@old@table=\dimen176
\TX@old@col=\dimen177
\TX@target=\dimen178
\TX@delta=\dimen179
\TX@cols=\count315
\TX@ftn=\toks24
) (c:/texlive/2025/texmf-dist/tex/latex/booktabs/booktabs.sty
Package: booktabs 2020/01/12 v1.61803398 Publication quality tables
\heavyrulewidth=\dimen180
\lightrulewidth=\dimen181
\cmidrulewidth=\dimen182
\belowrulesep=\dimen183
\belowbottomsep=\dimen184
\aboverulesep=\dimen185
\abovetopsep=\dimen186
\cmidrulesep=\dimen187
\cmidrulekern=\dimen188
\defaultaddspace=\dimen189
\@cmidla=\count316
\@cmidlb=\count317
\@aboverulesep=\dimen190
\@belowrulesep=\dimen191
\@thisruleclass=\count318
\@lastruleclass=\count319
\@thisrulewidth=\dimen192
) (c:/texlive/2025/texmf-dist/tex/latex/tools/longtable.sty
Package: longtable 2025-10-13 v4.24 Multi-page Table package (DPC)
\LTleft=\skip60
\LTright=\skip61
\LTpre=\skip62
\LTpost=\skip63
\LTchunksize=\count320
\LTcapwidth=\dimen193
\LT@head=\box66
\LT@firsthead=\box67
\LT@foot=\box68
\LT@lastfoot=\box69
\LT@gbox=\box70
\LT@cols=\count321
\LT@rows=\count322
\c@LT@tables=\count323
\c@LT@chunks=\count324
\LT@p@ftn=\toks25
) (c:/texlive/2025/texmf-dist/tex/latex/multirow/multirow.sty
Package: multirow 2024/11/12 v2.9 Span multiple rows of a table
\multirow@colwidth=\skip64
\multirow@cntb=\count325
\multirow@dima=\skip65
\bigstrutjot=\dimen194
) (c:/texlive/2025/texmf-dist/tex/latex/graphics/graphicx.sty
Package: graphicx 2024/12/31 v1.2e Enhanced LaTeX Graphics (DPC,SPQR)
 (c:/texlive/2025/texmf-dist/tex/latex/graphics/graphics.sty
Package: graphics 2024/08/06 v1.4g Standard LaTeX Graphics (DPC,SPQR)
 (c:/texlive/2025/texmf-dist/tex/latex/graphics/trig.sty
Package: trig 2023/12/02 v1.11 sin cos tan (DPC)
) (c:/texlive/2025/texmf-dist/tex/latex/graphics-cfg/graphics.cfg
File: graphics.cfg 2016/06/04 v1.11 sample graphics configuration
)
Package graphics Info: Driver file: pdftex.def on input line 106.
 (c:/texlive/2025/texmf-dist/tex/latex/graphics-def/pdftex.def
File: pdftex.def 2025/09/29 v1.2d Graphics/color driver for pdftex
))
\Gin@req@height=\dimen195
\Gin@req@width=\dimen196
) (c:/texlive/2025/texmf-dist/tex/latex/float/float.sty
Package: float 2001/11/08 v1.3d Float enhancements (AL)
\c@float@type=\count326
\float@exts=\toks26
\float@box=\box71
\@float@everytoks=\toks27
\@floatcapt=\box72
) (c:/texlive/2025/texmf-dist/tex/latex/caption/caption.sty
Package: caption 2023/08/05 v3.6o Customizing captions (AR)
 (c:/texlive/2025/texmf-dist/tex/latex/caption/caption3.sty
Package: caption3 2023/07/31 v2.4d caption3 kernel (AR)
\caption@tempdima=\dimen197
\captionmargin=\dimen198
\caption@leftmargin=\dimen199
\caption@rightmargin=\dimen256
\caption@width=\dimen257
\caption@indent=\dimen258
\caption@parindent=\dimen259
\caption@hangindent=\dimen260
Package caption Info: Standard document class detected.
)
\c@caption@flags=\count327
\c@continuedfloat=\count328
Package caption Info: float package is loaded.
Package caption Info: longtable package is loaded.
 (c:/texlive/2025/texmf-dist/tex/latex/caption/ltcaption.sty
Package: ltcaption 2021/01/08 v1.4c longtable captions (AR)
)) (c:/texlive/2025/texmf-dist/tex/latex/caption/subcaption.sty
Package: subcaption 2023/07/28 v1.6b Sub-captions (AR)
Package caption Info: New subtype `subfigure' on input line 238.
\c@subfigure=\count329
Package caption Info: New subtype `subtable' on input line 238.
\c@subtable=\count330
) (c:/texlive/2025/texmf-dist/tex/latex/pdfpages/pdfpages.sty
Package: pdfpages 2025/07/23 v0.6g Insert pages of external PDF documents (AM)
 (c:/texlive/2025/texmf-dist/tex/latex/base/ifthen.sty
Package: ifthen 2024/03/16 v1.1e Standard LaTeX ifthen package (DPC)
) (c:/texlive/2025/texmf-dist/tex/latex/eso-pic/eso-pic.sty
Package: eso-pic 2023/05/03 v3.0c eso-pic (RN)
\ESO@tempdima=\dimen261
\ESO@tempdimb=\dimen262
 (c:/texlive/2025/texmf-dist/tex/latex/xcolor/xcolor.sty
Package: xcolor 2024/09/29 v3.02 LaTeX color extensions (UK)
 (c:/texlive/2025/texmf-dist/tex/latex/graphics-cfg/color.cfg
File: color.cfg 2016/01/02 v1.6 sample color configuration
)
Package xcolor Info: Driver file: pdftex.def on input line 274.
 (c:/texlive/2025/texmf-dist/tex/latex/graphics/mathcolor.ltx)
Package xcolor Info: Model `cmy' substituted by `cmy0' on input line 1349.
Package xcolor Info: Model `hsb' substituted by `rgb' on input line 1353.
Package xcolor Info: Model `RGB' extended on input line 1365.
Package xcolor Info: Model `HTML' substituted by `rgb' on input line 1367.
Package xcolor Info: Model `Hsb' substituted by `hsb' on input line 1368.
Package xcolor Info: Model `tHsb' substituted by `hsb' on input line 1369.
Package xcolor Info: Model `HSB' substituted by `hsb' on input line 1370.
Package xcolor Info: Model `Gray' substituted by `gray' on input line 1371.
Package xcolor Info: Model `wave' substituted by `hsb' on input line 1372.
))
\AM@pagewidth=\dimen263
\AM@pageheight=\dimen264
\AM@fboxrule=\dimen265
 (c:/texlive/2025/texmf-dist/tex/latex/pdfpages/pppdftex.def
File: pppdftex.def 2025/07/23 v0.6g Pdfpages driver for pdfTeX (AM)
)
\pdfpages@includegraphics@status=\count331
\AM@pagebox=\box73
\AM@global@opts=\toks28
\AM@pagecnt=\count332
\AM@toc@title=\toks29
\AM@lof@heading=\toks30
\c@AM@survey=\count333
\AM@templatesizebox=\box74
) (c:/texlive/2025/texmf-dist/tex/latex/hyperref/hyperref.sty
Package: hyperref 2025-07-12 v7.01o Hypertext links for LaTeX
 (c:/texlive/2025/texmf-dist/tex/latex/kvsetkeys/kvsetkeys.sty
Package: kvsetkeys 2022-10-05 v1.19 Key value parser (HO)
) (c:/texlive/2025/texmf-dist/tex/generic/kvdefinekeys/kvdefinekeys.sty
Package: kvdefinekeys 2019-12-19 v1.6 Define keys (HO)
) (c:/texlive/2025/texmf-dist/tex/generic/pdfescape/pdfescape.sty
Package: pdfescape 2019/12/09 v1.15 Implements pdfTeX's escape features (HO)
) (c:/texlive/2025/texmf-dist/tex/latex/hycolor/hycolor.sty
Package: hycolor 2020-01-27 v1.10 Color options for hyperref/bookmark (HO)
) (c:/texlive/2025/texmf-dist/tex/latex/hyperref/nameref.sty
Package: nameref 2025-06-21 v2.57 Cross-referencing by name of section
 (c:/texlive/2025/texmf-dist/tex/latex/refcount/refcount.sty
Package: refcount 2019/12/15 v3.6 Data extraction from label references (HO)
) (c:/texlive/2025/texmf-dist/tex/generic/gettitlestring/gettitlestring.sty
Package: gettitlestring 2019/12/15 v1.6 Cleanup title references (HO)
 (c:/texlive/2025/texmf-dist/tex/latex/kvoptions/kvoptions.sty
Package: kvoptions 2022-06-15 v3.15 Key value format for package options (HO)
))
\c@section@level=\count334
) (c:/texlive/2025/texmf-dist/tex/generic/stringenc/stringenc.sty
Package: stringenc 2019/11/29 v1.12 Convert strings between diff. encodings (HO)
)
\@linkdim=\dimen266
\Hy@linkcounter=\count335
\Hy@pagecounter=\count336
 (c:/texlive/2025/texmf-dist/tex/latex/hyperref/pd1enc.def
File: pd1enc.def 2025-07-12 v7.01o Hyperref: PDFDocEncoding definition (HO)
Now handling font encoding PD1 ...
... no UTF-8 mapping file for font encoding PD1
) (c:/texlive/2025/texmf-dist/tex/generic/intcalc/intcalc.sty
Package: intcalc 2019/12/15 v1.3 Expandable calculations with integers (HO)
)
\Hy@SavedSpaceFactor=\count337
 (c:/texlive/2025/texmf-dist/tex/latex/hyperref/puenc.def
File: puenc.def 2025-07-12 v7.01o Hyperref: PDF Unicode definition (HO)
Now handling font encoding PU ...
... no UTF-8 mapping file for font encoding PU
)
Package hyperref Info: Option `pdfusetitle' set `true' on input line 4066.
Package hyperref Info: Hyper figures OFF on input line 4195.
Package hyperref Info: Link nesting OFF on input line 4200.
Package hyperref Info: Hyper index ON on input line 4203.
Package hyperref Info: Plain pages OFF on input line 4210.
Package hyperref Info: Backreferencing OFF on input line 4215.
Package hyperref Info: Implicit mode ON; LaTeX internals redefined.
Package hyperref Info: Bookmarks ON on input line 4462.
\c@Hy@tempcnt=\count338
 (c:/texlive/2025/texmf-dist/tex/latex/url/url.sty
\Urlmuskip=\muskip18
Package: url 2013/09/16  ver 3.4  Verb mode for urls, etc.
)
LaTeX Info: Redefining \url on input line 4801.
\XeTeXLinkMargin=\dimen267
 (c:/texlive/2025/texmf-dist/tex/generic/bitset/bitset.sty
Package: bitset 2019/12/09 v1.3 Handle bit-vector datatype (HO)
 (c:/texlive/2025/texmf-dist/tex/generic/bigintcalc/bigintcalc.sty
Package: bigintcalc 2019/12/15 v1.5 Expandable calculations on big integers (HO)
))
\Fld@menulength=\count339
\Field@Width=\dimen268
\Fld@charsize=\dimen269
Package hyperref Info: Hyper figures OFF on input line 6078.
Package hyperref Info: Link nesting OFF on input line 6083.
Package hyperref Info: Hyper index ON on input line 6086.
Package hyperref Info: backreferencing OFF on input line 6093.
Package hyperref Info: Link coloring OFF on input line 6098.
Package hyperref Info: Link coloring with OCG OFF on input line 6103.
Package hyperref Info: PDF/A mode OFF on input line 6108.
\Hy@abspage=\count340
\c@Item=\count341
\c@Hfootnote=\count342
)
Package hyperref Info: Driver (autodetected): hpdftex.
 (c:/texlive/2025/texmf-dist/tex/latex/hyperref/hpdftex.def
File: hpdftex.def 2025-07-12 v7.01o Hyperref driver for pdfTeX
\Fld@listcount=\count343
\c@bookmark@seq@number=\count344
 (c:/texlive/2025/texmf-dist/tex/latex/rerunfilecheck/rerunfilecheck.sty
Package: rerunfilecheck 2025-06-21 v1.11 Rerun checks for auxiliary files (HO)
 (c:/texlive/2025/texmf-dist/tex/generic/uniquecounter/uniquecounter.sty
Package: uniquecounter 2019/12/15 v1.4 Provide unlimited unique counter (HO)
)
Package uniquecounter Info: New unique counter `rerunfilecheck' on input line 284.
)
\Hy@SectionHShift=\skip66
) (c:/texlive/2025/texmf-dist/tex/latex/cleveref/cleveref.sty
Package: cleveref 2018/03/27 v0.21.4 Intelligent cross-referencing
Package cleveref Info: `hyperref' support loaded on input line 2370.
LaTeX Info: Redefining \cref on input line 2370.
LaTeX Info: Redefining \Cref on input line 2370.
LaTeX Info: Redefining \crefrange on input line 2370.
LaTeX Info: Redefining \Crefrange on input line 2370.
LaTeX Info: Redefining \cpageref on input line 2370.
LaTeX Info: Redefining \Cpageref on input line 2370.
LaTeX Info: Redefining \cpagerefrange on input line 2370.
LaTeX Info: Redefining \Cpagerefrange on input line 2370.
LaTeX Info: Redefining \labelcref on input line 2370.
LaTeX Info: Redefining \labelcpageref on input line 2370.
Package cleveref Info: no abbreviation of names on input line 7852.
)
==> First Aid for cleveref.sty applied!
(c:/texlive/2025/texmf-dist/tex/latex/pgf/frontendlayer/tikz.sty (c:/texlive/2025/texmf-dist/tex/latex/pgf/basiclayer/pgf.sty (c:/texlive/2025/texmf-dist/tex/latex/pgf/utilities/pgfrcs.sty (c:/texlive/2025/texmf-dist/tex/generic/pgf/utilities/pgfutil-common.tex
\pgfutil@everybye=\toks31
\pgfutil@tempdima=\dimen270
\pgfutil@tempdimb=\dimen271
) (c:/texlive/2025/texmf-dist/tex/generic/pgf/utilities/pgfutil-latex.def
\pgfutil@abb=\box75
) (c:/texlive/2025/texmf-dist/tex/generic/pgf/utilities/pgfrcs.code.tex (c:/texlive/2025/texmf-dist/tex/generic/pgf/pgf.revision.tex)
Package: pgfrcs 2025-08-29 v3.1.11a (3.1.11a)
))
Package: pgf 2025-08-29 v3.1.11a (3.1.11a)
 (c:/texlive/2025/texmf-dist/tex/latex/pgf/basiclayer/pgfcore.sty (c:/texlive/2025/texmf-dist/tex/latex/pgf/systemlayer/pgfsys.sty (c:/texlive/2025/texmf-dist/tex/generic/pgf/systemlayer/pgfsys.code.tex
Package: pgfsys 2025-08-29 v3.1.11a (3.1.11a)
 (c:/texlive/2025/texmf-dist/tex/generic/pgf/utilities/pgfkeys.code.tex
\pgfkeys@pathtoks=\toks32
\pgfkeys@temptoks=\toks33
 (c:/texlive/2025/texmf-dist/tex/generic/pgf/utilities/pgfkeyslibraryfiltered.code.tex
\pgfkeys@tmptoks=\toks34
))
\pgf@x=\dimen272
\pgf@y=\dimen273
\pgf@xa=\dimen274
\pgf@ya=\dimen275
\pgf@xb=\dimen276
\pgf@yb=\dimen277
\pgf@xc=\dimen278
\pgf@yc=\dimen279
\pgf@xd=\dimen280
\pgf@yd=\dimen281
\w@pgf@writea=\write3
\r@pgf@reada=\read2
\c@pgf@counta=\count345
\c@pgf@countb=\count346
\c@pgf@countc=\count347
\c@pgf@countd=\count348
\t@pgf@toka=\toks35
\t@pgf@tokb=\toks36
\t@pgf@tokc=\toks37
\pgf@sys@id@count=\count349
 (c:/texlive/2025/texmf-dist/tex/generic/pgf/systemlayer/pgf.cfg
File: pgf.cfg 2025-08-29 v3.1.11a (3.1.11a)
)
Driver file for pgf: pgfsys-pdftex.def
 (c:/texlive/2025/texmf-dist/tex/generic/pgf/systemlayer/pgfsys-pdftex.def
File: pgfsys-pdftex.def 2025-08-29 v3.1.11a (3.1.11a)
 (c:/texlive/2025/texmf-dist/tex/generic/pgf/systemlayer/pgfsys-common-pdf.def
File: pgfsys-common-pdf.def 2025-08-29 v3.1.11a (3.1.11a)
))) (c:/texlive/2025/texmf-dist/tex/generic/pgf/systemlayer/pgfsyssoftpath.code.tex
File: pgfsyssoftpath.code.tex 2025-08-29 v3.1.11a (3.1.11a)
\pgfsyssoftpath@smallbuffer@items=\count350
\pgfsyssoftpath@bigbuffer@items=\count351
) (c:/texlive/2025/texmf-dist/tex/generic/pgf/systemlayer/pgfsysprotocol.code.tex
File: pgfsysprotocol.code.tex 2025-08-29 v3.1.11a (3.1.11a)
)) (c:/texlive/2025/texmf-dist/tex/generic/pgf/basiclayer/pgfcore.code.tex
Package: pgfcore 2025-08-29 v3.1.11a (3.1.11a)
 (c:/texlive/2025/texmf-dist/tex/generic/pgf/math/pgfmath.code.tex (c:/texlive/2025/texmf-dist/tex/generic/pgf/math/pgfmathutil.code.tex) (c:/texlive/2025/texmf-dist/tex/generic/pgf/math/pgfmathparser.code.tex
\pgfmath@dimen=\dimen282
\pgfmath@count=\count352
\pgfmath@box=\box76
\pgfmath@toks=\toks38
\pgfmath@stack@operand=\toks39
\pgfmath@stack@operation=\toks40
) (c:/texlive/2025/texmf-dist/tex/generic/pgf/math/pgfmathfunctions.code.tex) (c:/texlive/2025/texmf-dist/tex/generic/pgf/math/pgfmathfunctions.basic.code.tex) (c:/texlive/2025/texmf-dist/tex/generic/pgf/math/pgfmathfunctions.trigonometric.code.tex) (c:/texlive/2025/texmf-dist/tex/generic/pgf/math/pgfmathfunctions.random.code.tex) (c:/texlive/2025/texmf-dist/tex/generic/pgf/math/pgfmathfunctions.comparison.code.tex) (c:/texlive/2025/texmf-dist/tex/generic/pgf/math/pgfmathfunctions.base.code.tex) (c:/texlive/2025/texmf-dist/tex/generic/pgf/math/pgfmathfunctions.round.code.tex) (c:/texlive/2025/texmf-dist/tex/generic/pgf/math/pgfmathfunctions.misc.code.tex) (c:/texlive/2025/texmf-dist/tex/generic/pgf/math/pgfmathfunctions.integerarithmetics.code.tex) (c:/texlive/2025/texmf-dist/tex/generic/pgf/math/pgfmathcalc.code.tex) (c:/texlive/2025/texmf-dist/tex/generic/pgf/math/pgfmathfloat.code.tex
\c@pgfmathroundto@lastzeros=\count353
)) (c:/texlive/2025/texmf-dist/tex/generic/pgf/math/pgfint.code.tex) (c:/texlive/2025/texmf-dist/tex/generic/pgf/basiclayer/pgfcorepoints.code.tex
File: pgfcorepoints.code.tex 2025-08-29 v3.1.11a (3.1.11a)
\pgf@picminx=\dimen283
\pgf@picmaxx=\dimen284
\pgf@picminy=\dimen285
\pgf@picmaxy=\dimen286
\pgf@pathminx=\dimen287
\pgf@pathmaxx=\dimen288
\pgf@pathminy=\dimen289
\pgf@pathmaxy=\dimen290
\pgf@xx=\dimen291
\pgf@xy=\dimen292
\pgf@yx=\dimen293
\pgf@yy=\dimen294
\pgf@zx=\dimen295
\pgf@zy=\dimen296
) (c:/texlive/2025/texmf-dist/tex/generic/pgf/basiclayer/pgfcorepathconstruct.code.tex
File: pgfcorepathconstruct.code.tex 2025-08-29 v3.1.11a (3.1.11a)
\pgf@path@lastx=\dimen297
\pgf@path@lasty=\dimen298
) (c:/texlive/2025/texmf-dist/tex/generic/pgf/basiclayer/pgfcorepathusage.code.tex
File: pgfcorepathusage.code.tex 2025-08-29 v3.1.11a (3.1.11a)
\pgf@shorten@end@additional=\dimen299
\pgf@shorten@start@additional=\dimen300
) (c:/texlive/2025/texmf-dist/tex/generic/pgf/basiclayer/pgfcorescopes.code.tex
File: pgfcorescopes.code.tex 2025-08-29 v3.1.11a (3.1.11a)
\pgfpic=\box77
\pgf@hbox=\box78
\pgf@layerbox@main=\box79
\pgf@picture@serial@count=\count354
) (c:/texlive/2025/texmf-dist/tex/generic/pgf/basiclayer/pgfcoregraphicstate.code.tex
File: pgfcoregraphicstate.code.tex 2025-08-29 v3.1.11a (3.1.11a)
\pgflinewidth=\dimen301
) (c:/texlive/2025/texmf-dist/tex/generic/pgf/basiclayer/pgfcoretransformations.code.tex
File: pgfcoretransformations.code.tex 2025-08-29 v3.1.11a (3.1.11a)
\pgf@pt@x=\dimen302
\pgf@pt@y=\dimen303
\pgf@pt@temp=\dimen304
) (c:/texlive/2025/texmf-dist/tex/generic/pgf/basiclayer/pgfcorequick.code.tex
File: pgfcorequick.code.tex 2025-08-29 v3.1.11a (3.1.11a)
) (c:/texlive/2025/texmf-dist/tex/generic/pgf/basiclayer/pgfcoreobjects.code.tex
File: pgfcoreobjects.code.tex 2025-08-29 v3.1.11a (3.1.11a)
) (c:/texlive/2025/texmf-dist/tex/generic/pgf/basiclayer/pgfcorepathprocessing.code.tex
File: pgfcorepathprocessing.code.tex 2025-08-29 v3.1.11a (3.1.11a)
) (c:/texlive/2025/texmf-dist/tex/generic/pgf/basiclayer/pgfcorearrows.code.tex
File: pgfcorearrows.code.tex 2025-08-29 v3.1.11a (3.1.11a)
\pgfarrowsep=\dimen305
) (c:/texlive/2025/texmf-dist/tex/generic/pgf/basiclayer/pgfcoreshade.code.tex
File: pgfcoreshade.code.tex 2025-08-29 v3.1.11a (3.1.11a)
\pgf@max=\dimen306
\pgf@sys@shading@range@num=\count355
\pgf@shadingcount=\count356
) (c:/texlive/2025/texmf-dist/tex/generic/pgf/basiclayer/pgfcoreimage.code.tex
File: pgfcoreimage.code.tex 2025-08-29 v3.1.11a (3.1.11a)
) (c:/texlive/2025/texmf-dist/tex/generic/pgf/basiclayer/pgfcoreexternal.code.tex
File: pgfcoreexternal.code.tex 2025-08-29 v3.1.11a (3.1.11a)
\pgfexternal@startupbox=\box80
) (c:/texlive/2025/texmf-dist/tex/generic/pgf/basiclayer/pgfcorelayers.code.tex
File: pgfcorelayers.code.tex 2025-08-29 v3.1.11a (3.1.11a)
) (c:/texlive/2025/texmf-dist/tex/generic/pgf/basiclayer/pgfcoretransparency.code.tex
File: pgfcoretransparency.code.tex 2025-08-29 v3.1.11a (3.1.11a)
) (c:/texlive/2025/texmf-dist/tex/generic/pgf/basiclayer/pgfcorepatterns.code.tex
File: pgfcorepatterns.code.tex 2025-08-29 v3.1.11a (3.1.11a)
) (c:/texlive/2025/texmf-dist/tex/generic/pgf/basiclayer/pgfcorerdf.code.tex
File: pgfcorerdf.code.tex 2025-08-29 v3.1.11a (3.1.11a)
))) (c:/texlive/2025/texmf-dist/tex/generic/pgf/modules/pgfmoduleshapes.code.tex
File: pgfmoduleshapes.code.tex 2025-08-29 v3.1.11a (3.1.11a)
\pgfnodeparttextbox=\box81
) (c:/texlive/2025/texmf-dist/tex/generic/pgf/modules/pgfmoduleplot.code.tex
File: pgfmoduleplot.code.tex 2025-08-29 v3.1.11a (3.1.11a)
) (c:/texlive/2025/texmf-dist/tex/latex/pgf/compatibility/pgfcomp-version-0-65.sty
Package: pgfcomp-version-0-65 2025-08-29 v3.1.11a (3.1.11a)
\pgf@nodesepstart=\dimen307
\pgf@nodesepend=\dimen308
) (c:/texlive/2025/texmf-dist/tex/latex/pgf/compatibility/pgfcomp-version-1-18.sty
Package: pgfcomp-version-1-18 2025-08-29 v3.1.11a (3.1.11a)
)) (c:/texlive/2025/texmf-dist/tex/latex/pgf/utilities/pgffor.sty (c:/texlive/2025/texmf-dist/tex/latex/pgf/utilities/pgfkeys.sty (c:/texlive/2025/texmf-dist/tex/generic/pgf/utilities/pgfkeys.code.tex)) (c:/texlive/2025/texmf-dist/tex/latex/pgf/math/pgfmath.sty (c:/texlive/2025/texmf-dist/tex/generic/pgf/math/pgfmath.code.tex)) (c:/texlive/2025/texmf-dist/tex/generic/pgf/utilities/pgffor.code.tex
Package: pgffor 2025-08-29 v3.1.11a (3.1.11a)
\pgffor@iter=\dimen309
\pgffor@skip=\dimen310
\pgffor@stack=\toks41
\pgffor@toks=\toks42
)) (c:/texlive/2025/texmf-dist/tex/generic/pgf/frontendlayer/tikz/tikz.code.tex
Package: tikz 2025-08-29 v3.1.11a (3.1.11a)
 (c:/texlive/2025/texmf-dist/tex/generic/pgf/libraries/pgflibraryplothandlers.code.tex
File: pgflibraryplothandlers.code.tex 2025-08-29 v3.1.11a (3.1.11a)
\pgf@plot@mark@count=\count357
\pgfplotmarksize=\dimen311
)
\tikz@lastx=\dimen312
\tikz@lasty=\dimen313
\tikz@lastxsaved=\dimen314
\tikz@lastysaved=\dimen315
\tikz@lastmovetox=\dimen316
\tikz@lastmovetoy=\dimen317
\tikzleveldistance=\dimen318
\tikzsiblingdistance=\dimen319
\tikz@figbox=\box82
\tikz@figbox@bg=\box83
\tikz@tempbox=\box84
\tikz@tempbox@bg=\box85
\tikztreelevel=\count358
\tikznumberofchildren=\count359
\tikznumberofcurrentchild=\count360
\tikz@fig@count=\count361
 (c:/texlive/2025/texmf-dist/tex/generic/pgf/modules/pgfmodulematrix.code.tex
File: pgfmodulematrix.code.tex 2025-08-29 v3.1.11a (3.1.11a)
\pgfmatrixcurrentrow=\count362
\pgfmatrixcurrentcolumn=\count363
\pgf@matrix@numberofcolumns=\count364
)
\tikz@expandcount=\count365
 (c:/texlive/2025/texmf-dist/tex/generic/pgf/frontendlayer/tikz/libraries/tikzlibrarytopaths.code.tex
File: tikzlibrarytopaths.code.tex 2025-08-29 v3.1.11a (3.1.11a)
))) (c:/texlive/2025/texmf-dist/tex/latex/tools/xspace.sty
Package: xspace 2014/10/28 v1.13 Space after command names (DPC,MH)
) (c:/texlive/2025/texmf-dist/tex/latex/microtype/microtype.sty
Package: microtype 2025/07/09 v3.2b Micro-typographical refinements (RS)
\MT@toks=\toks43
\MT@tempbox=\box86
\MT@count=\count366
LaTeX Info: Redefining \noprotrusionifhmode on input line 1087.
LaTeX Info: Redefining \leftprotrusion on input line 1088.
\MT@prot@toks=\toks44
LaTeX Info: Redefining \rightprotrusion on input line 1107.
LaTeX Info: Redefining \textls on input line 1449.
\MT@outer@kern=\dimen320
LaTeX Info: Redefining \microtypecontext on input line 2053.
LaTeX Info: Redefining \textmicrotypecontext on input line 2070.
\MT@listname@count=\count367
 (c:/texlive/2025/texmf-dist/tex/latex/microtype/microtype-pdftex.def
File: microtype-pdftex.def 2025/07/09 v3.2b Definitions specific to pdftex (RS)
LaTeX Info: Redefining \lsstyle on input line 944.
LaTeX Info: Redefining \lslig on input line 944.
\MT@outer@space=\skip67
)
Package microtype Info: Loading configuration file microtype.cfg.
 (c:/texlive/2025/texmf-dist/tex/latex/microtype/microtype.cfg
File: microtype.cfg 2025/07/09 v3.2b microtype main configuration file (RS)
)
LaTeX Info: Redefining \microtypesetup on input line 3065.
) (c:/texlive/2025/texmf-dist/tex/latex/geometry/geometry.sty
Package: geometry 2020/01/02 v5.9 Page Geometry
 (c:/texlive/2025/texmf-dist/tex/generic/iftex/ifvtex.sty
Package: ifvtex 2019/10/25 v1.7 ifvtex legacy package. Use iftex instead.
)
\Gm@cnth=\count368
\Gm@cntv=\count369
\c@Gm@tempcnt=\count370
\Gm@bindingoffset=\dimen321
\Gm@wd@mp=\dimen322
\Gm@odd@mp=\dimen323
\Gm@even@mp=\dimen324
\Gm@layoutwidth=\dimen325
\Gm@layoutheight=\dimen326
\Gm@layouthoffset=\dimen327
\Gm@layoutvoffset=\dimen328
\Gm@dimlist=\toks45
) (c:/texlive/2025/texmf-dist/tex/latex/titlesec/titlesec.sty
Package: titlesec 2025/01/04 v2.17 Sectioning titles
\ttl@box=\box87
\beforetitleunit=\skip68
\aftertitleunit=\skip69
\ttl@plus=\dimen329
\ttl@minus=\dimen330
\ttl@toksa=\toks46
\titlewidth=\dimen331
\titlewidthlast=\dimen332
\titlewidthfirst=\dimen333
) (c:/texlive/2025/texmf-dist/tex/latex/titlesec/titletoc.sty
Package: titletoc 2025/01/04 v2.17 TOC entries
\ttl@leftsep=\dimen334
) (c:/texlive/2025/texmf-dist/tex/latex/fancyhdr/fancyhdr.sty
Package: fancyhdr 2025/02/07 v5.2 Extensive control of page headers and footers
\f@nch@headwidth=\skip70
\f@nch@offset@elh=\skip71
\f@nch@offset@erh=\skip72
\f@nch@offset@olh=\skip73
\f@nch@offset@orh=\skip74
\f@nch@offset@elf=\skip75
\f@nch@offset@erf=\skip76
\f@nch@offset@olf=\skip77
\f@nch@offset@orf=\skip78
\f@nch@height=\skip79
\f@nch@footalignment=\skip80
\f@nch@widthL=\skip81
\f@nch@widthC=\skip82
\f@nch@widthR=\skip83
\@temptokenb=\toks47
) (c:/texlive/2025/texmf-dist/tex/latex/enumitem/enumitem.sty
Package: enumitem 2025/02/06 v3.11 Customized lists
\labelindent=\skip84
\enit@outerparindent=\dimen335
\enit@toks=\toks48
\enit@inbox=\box88
\enit@count@id=\count371
\enitdp@description=\count372
) (c:/texlive/2025/texmf-dist/tex/latex/datetime/datetime.sty
Package: datetime 2015/03/20 v2.60 Date Time Package
 (c:/texlive/2025/texmf-dist/tex/latex/fmtcount/fmtcount.sty
Package: fmtcount 2025/08/23 v3.11 Displaying the values of LaTeX counters (NT,VB,NE)
 (c:/texlive/2025/texmf-dist/tex/latex/xkeyval/xkeyval.sty
Package: xkeyval 2025/11/04 v2.10 package option processing (HA)
 (c:/texlive/2025/texmf-dist/tex/generic/xkeyval/xkeyval.tex (c:/texlive/2025/texmf-dist/tex/generic/xkeyval/xkvutils.tex
\XKV@toks=\toks49
\XKV@tempa@toks=\toks50
\XKV@tempb@toks=\toks51
)
\XKV@depth=\count373
File: xkeyval.tex 2014/12/03 v2.7a key=value parser (HA)
)) (c:/texlive/2025/texmf-dist/tex/latex/fmtcount/fcprefix.sty
Package: fcprefix 2012/09/28
 (c:/texlive/2025/texmf-dist/tex/latex/fmtcount/fcnumparser.sty
Package: fcnumparser 2017/06/15
\fc@digit@counter=\count374
))
\c@padzeroesN=\count375
\fc@tmpcatcode=\count376
\@DT@modctr=\count377
\@ordinalctr=\count378
\@orgargctr=\count379
\@strctr=\count380
\@tmpstrctr=\count381
\@DT@loopN=\count382
\@DT@X=\count383
) (c:/texlive/2025/texmf-dist/tex/latex/datetime/datetime-defaults.sty
Package: datetime-defaults 2013/09/10
)
\@day=\count384
\@month=\count385
\@year=\count386
\c@HOUR=\count387
\c@HOURXII=\count388
\c@MINUTE=\count389
\c@TOHOUR=\count390
\c@TOMINUTE=\count391
\c@SECOND=\count392
\currenthour=\count393
\currentminute=\count394
\currentsecond=\count395
Package datetime Info: No datetime.cfg file found, using default settings on input line 308.
\@dtctr=\count396
\dayofyear=\count397
\dayofweek=\count398
LaTeX Info: Redefining \today on input line 736.
\dt@a=\toks52
\dt@b=\toks53
) (c:/texlive/2025/texmf-dist/tex/latex/ragged2e/ragged2e.sty
Package: ragged2e 2023/06/22 v3.6 ragged2e Package
\CenteringLeftskip=\skip85
\RaggedLeftLeftskip=\skip86
\RaggedRightLeftskip=\skip87
\CenteringRightskip=\skip88
\RaggedLeftRightskip=\skip89
\RaggedRightRightskip=\skip90
\CenteringParfillskip=\skip91
\RaggedLeftParfillskip=\skip92
\RaggedRightParfillskip=\skip93
\JustifyingParfillskip=\skip94
\CenteringParindent=\skip95
\RaggedLeftParindent=\skip96
\RaggedRightParindent=\skip97
\JustifyingParindent=\skip98
) (c:/texlive/2025/texmf-dist/tex/latex/base/fontenc.sty
Package: fontenc 2025/07/18 v2.1d Standard LaTeX package
) (c:/texlive/2025/texmf-dist/tex/latex/newpx/newpxtext.sty
Package: newpxtext 2025/06/07 v1.542 LaTeX and unicode LaTeX support for TeXGyrePagellaX (Michael Sharpe)
 `newpxtext' v1.542, 2025/06/07 Text macros taking advantage of TeXGyre Pagella and its extensions (msharpe) (c:/texlive/2025/texmf-dist/tex/latex/base/fontenc.sty
Package: fontenc 2025/07/18 v2.1d Standard LaTeX package
) (c:/texlive/2025/texmf-dist/tex/latex/xpatch/xpatch.sty (c:/texlive/2025/texmf-dist/tex/latex/l3kernel/expl3.sty
Package: expl3 2025-10-24 L3 programming layer (loader) 
 (c:/texlive/2025/texmf-dist/tex/latex/l3backend/l3backend-pdftex.def
File: l3backend-pdftex.def 2025-10-09 L3 backend support: PDF output (pdfTeX)
\l__color_backend_stack_int=\count399
))
Package: xpatch 2020/03/25 v0.3a Extending etoolbox patching commands
 (c:/texlive/2025/texmf-dist/tex/latex/l3packages/xparse/xparse.sty
Package: xparse 2025-10-09 L3 Experimental document command parser
)) (c:/texlive/2025/texmf-dist/tex/latex/base/textcomp.sty
Package: textcomp 2024/04/24 v2.1b Standard LaTeX package
) (c:/texlive/2025/texmf-dist/tex/generic/xstring/xstring.sty (c:/texlive/2025/texmf-dist/tex/generic/xstring/xstring.tex
\xs_counta=\count400
\xs_countb=\count401
)
Package: xstring 2023/08/22 v1.86 String manipulations (CT)
) (c:/texlive/2025/texmf-dist/tex/latex/carlisle/scalefnt.sty)
LaTeX Font Info:    Setting zplLF sub-encoding to TS1/0 on input line 40.
LaTeX Font Info:    Setting zplTLF sub-encoding to TS1/0 on input line 40.
LaTeX Font Info:    Setting zplOsF sub-encoding to TS1/0 on input line 40.
LaTeX Font Info:    Setting zplTOsF sub-encoding to TS1/0 on input line 40.
\zpl@cnt=\count402
 (c:/texlive/2025/texmf-dist/tex/latex/fontaxes/fontaxes.sty
Package: fontaxes 2025-05-24 v2.0.1 Font selection axes (deprecated)
 (c:/texlive/2025/texmf-dist/tex/latex/figureversions/figureversions.sty
Package: figureversions 2025-04-29 v1.0.1 Figure versions
))
\zpl@sixem=\dimen336
\zpl@y=\dimen337
\zpl@x=\dimen338
\zpl@tmpdima=\dimen339
\zpl@tmpdimb=\dimen340
\zpl@tmpdimc=\dimen341
\zpl@tmpdimd=\dimen342
\zpl@tmpdime=\dimen343
\zpl@tmpdimf=\dimen344
\zpl@dimA=\dimen345
\zpl@dimAA=\dimen346
\zpl@dimB=\dimen347
\zpl@dimBB=\dimen348
\zpl@dimC=\dimen349
LaTeX Info: Redefining \oldstylenums on input line 807.
LaTeX Font Info:    Trying to load font information for T1+zplLF on input line 815.
 (c:/texlive/2025/texmf-dist/tex/latex/newpx/t1zpllf.fd
File: t1zpllf.fd 2021/05/25 v1.0 font definition file for T1/zpl/lf
)
LaTeX Font Info:    Trying to load font information for T1+zplTLF on input line 816.
 (c:/texlive/2025/texmf-dist/tex/latex/newpx/t1zpltlf.fd
File: t1zpltlf.fd 2021/05/25 v1.0 font definition file for T1/zpl/tlf
)
LaTeX Font Info:    Trying to load font information for T1+zplOsF on input line 817.
 (c:/texlive/2025/texmf-dist/tex/latex/newpx/t1zplosf.fd
File: t1zplosf.fd 2021/05/25 v1.0 font definition file for T1/zpl/osf
)
LaTeX Font Info:    Trying to load font information for T1+zplTOsF on input line 818.
 (c:/texlive/2025/texmf-dist/tex/latex/newpx/t1zpltosf.fd
File: t1zpltosf.fd 2021/05/25 v1.0 font definition file for T1/zpl/tosf
)) (c:/texlive/2025/texmf-dist/tex/latex/newpx/newpxmath.sty
Package: newpxmath 2025/10/30 v1.551 LaTeX math support for newpx (Michael Sharpe)
 `newpxmath' v1.551, 2025/10/30 Math macros based on pxfonts (msharpe) (c:/texlive/2025/texmf-dist/tex/generic/kastrup/binhex.tex) (c:/texlive/2025/texmf-dist/tex/latex/oberdiek/centernot.sty
Package: centernot 2016/05/16 v1.4 Centers the not symbol horizontally (HO)
)
\px@tA=\toks54
\px@tB=\toks55
\px@su=\read3
\px@Isdigit=\count403

amsthm NOT loaded
LaTeX Font Info:    Redeclaring symbol font `operators' on input line 224.
LaTeX Font Info:    Overwriting symbol font `operators' in version `normal'
(Font)                  OT1/cmr/m/n --> OT1/minzpl/m/n on input line 224.
LaTeX Font Info:    Overwriting symbol font `operators' in version `bold'
(Font)                  OT1/cmr/bx/n --> OT1/minzpl/m/n on input line 224.
LaTeX Font Info:    Overwriting symbol font `operators' in version `bold'
(Font)                  OT1/minzpl/m/n --> OT1/minzpl/b/n on input line 225.
LaTeX Font Info:    Redeclaring math alphabet \mathsf on input line 228.
LaTeX Font Info:    Overwriting math alphabet `\mathsf' in version `normal'
(Font)                  OT1/cmss/m/n --> T1/qhv/m/n on input line 228.
LaTeX Font Info:    Overwriting math alphabet `\mathsf' in version `bold'
(Font)                  OT1/cmss/bx/n --> T1/qhv/m/n on input line 228.
LaTeX Font Info:    Redeclaring math alphabet \mathit on input line 229.
LaTeX Font Info:    Overwriting math alphabet `\mathit' in version `normal'
(Font)                  OT1/cmr/m/it --> OT1/minzpl/m/it on input line 229.
LaTeX Font Info:    Overwriting math alphabet `\mathit' in version `bold'
(Font)                  OT1/cmr/bx/it --> OT1/minzpl/m/it on input line 229.
LaTeX Font Info:    Redeclaring math alphabet \mathtt on input line 230.
LaTeX Font Info:    Overwriting math alphabet `\mathtt' in version `normal'
(Font)                  OT1/cmtt/m/n --> T1/npxtt/m/n on input line 230.
LaTeX Font Info:    Overwriting math alphabet `\mathtt' in version `bold'
(Font)                  OT1/cmtt/m/n --> T1/npxtt/m/n on input line 230.
LaTeX Font Info:    Redeclaring math alphabet \mathbf on input line 232.
LaTeX Font Info:    Overwriting math alphabet `\mathbf' in version `normal'
(Font)                  OT1/cmr/bx/n --> OT1/minzpl/b/n on input line 232.
LaTeX Font Info:    Overwriting math alphabet `\mathbf' in version `bold'
(Font)                  OT1/cmr/bx/n --> OT1/minzpl/b/n on input line 232.
LaTeX Font Info:    Overwriting math alphabet `\mathit' in version `bold'
(Font)                  OT1/minzpl/m/it --> OT1/minzpl/b/it on input line 233.
LaTeX Font Info:    Overwriting math alphabet `\mathsf' in version `bold'
(Font)                  T1/qhv/m/n --> T1/qhv/b/n on input line 235.
LaTeX Font Info:    Overwriting math alphabet `\mathtt' in version `bold'
(Font)                  T1/npxtt/m/n --> T1/npxtt/b/n on input line 236.
LaTeX Font Info:    Redeclaring symbol font `letters' on input line 247.
LaTeX Font Info:    Overwriting symbol font `letters' in version `normal'
(Font)                  OML/cmm/m/it --> OML/npxmi/m/it on input line 247.
LaTeX Font Info:    Overwriting symbol font `letters' in version `bold'
(Font)                  OML/cmm/b/it --> OML/npxmi/m/it on input line 247.
LaTeX Font Info:    Overwriting symbol font `letters' in version `bold'
(Font)                  OML/npxmi/m/it --> OML/npxmi/b/it on input line 248.
\symlettersA=\mathgroup6
LaTeX Font Info:    Overwriting symbol font `lettersA' in version `bold'
(Font)                  U/npxmia/m/it --> U/npxmia/b/it on input line 266.
LaTeX Font Info:    Redeclaring math alphabet \mathfrak on input line 268.
Now handling font encoding LMS ...
... no UTF-8 mapping file for font encoding LMS
LaTeX Font Info:    Redeclaring symbol font `symbols' on input line 276.
LaTeX Font Info:    Encoding `OMS' has changed to `LMS' for symbol font
(Font)              `symbols' in the math version `normal' on input line 276.
LaTeX Font Info:    Overwriting symbol font `symbols' in version `normal'
(Font)                  OMS/cmsy/m/n --> LMS/npxsy/m/n on input line 276.
LaTeX Font Info:    Encoding `OMS' has changed to `LMS' for symbol font
(Font)              `symbols' in the math version `bold' on input line 276.
LaTeX Font Info:    Overwriting symbol font `symbols' in version `bold'
(Font)                  OMS/cmsy/b/n --> LMS/npxsy/m/n on input line 276.
LaTeX Font Info:    Overwriting symbol font `symbols' in version `bold'
(Font)                  LMS/npxsy/m/n --> LMS/npxsy/b/n on input line 277.
\symAMSm=\mathgroup7
LaTeX Font Info:    Overwriting symbol font `AMSm' in version `bold'
(Font)                  U/npxsym/m/n --> U/npxsym/b/n on input line 297.
\symsymbolsC=\mathgroup8
LaTeX Font Info:    Overwriting symbol font `symbolsC' in version `bold'
(Font)                  U/npxsyc/m/n --> U/npxsyc/b/n on input line 319.
Now handling font encoding LMX ...
... no UTF-8 mapping file for font encoding LMX
LaTeX Font Info:    Redeclaring symbol font `largesymbols' on input line 339.
LaTeX Font Info:    Encoding `OMX' has changed to `LMX' for symbol font
(Font)              `largesymbols' in the math version `normal' on input line 339.
LaTeX Font Info:    Overwriting symbol font `largesymbols' in version `normal'
(Font)                  OMX/cmex/m/n --> LMX/npxexx/m/n on input line 339.
LaTeX Font Info:    Encoding `OMX' has changed to `LMX' for symbol font
(Font)              `largesymbols' in the math version `bold' on input line 339.
LaTeX Font Info:    Overwriting symbol font `largesymbols' in version `bold'
(Font)                  OMX/cmex/m/n --> LMX/npxexx/m/n on input line 339.
LaTeX Font Info:    Overwriting symbol font `largesymbols' in version `bold'
(Font)                  LMX/npxexx/m/n --> LMX/npxexx/b/n on input line 340.
\symlargesymbolsPXA=\mathgroup9
LaTeX Font Info:    Overwriting symbol font `largesymbolsPXA' in version `bold'
(Font)                  U/npxexa/m/n --> U/npxexa/b/n on input line 347.
\px@cntz=\count404
\px@IsAlNum=\count405
\px@sbptoks=\toks56
LaTeX Font Info:    Redeclaring math delimiter \lfloor on input line 502.
LaTeX Font Info:    Redeclaring math delimiter \rfloor on input line 503.
LaTeX Font Info:    Redeclaring math delimiter \lceil on input line 504.
LaTeX Font Info:    Redeclaring math delimiter \rceil on input line 505.
LaTeX Font Info:    Redeclaring math delimiter \lbrace on input line 510.
LaTeX Font Info:    Redeclaring math delimiter \rbrace on input line 511.
LaTeX Font Info:    Redeclaring math delimiter \langle on input line 513.
LaTeX Font Info:    Redeclaring math delimiter \rangle on input line 515.
LaTeX Font Info:    Redeclaring math delimiter \arrowvert on input line 519.
LaTeX Font Info:    Redeclaring math delimiter \vert on input line 520.
LaTeX Font Info:    Redeclaring math symbol \parallel on input line 521.
LaTeX Font Info:    Redeclaring math delimiter \Arrowvert on input line 522.
LaTeX Font Info:    Redeclaring math accent \grave on input line 562.
LaTeX Font Info:    Redeclaring math accent \acute on input line 563.
LaTeX Font Info:    Redeclaring math accent \hat on input line 564.
LaTeX Font Info:    Redeclaring math accent \tilde on input line 565.
LaTeX Font Info:    Redeclaring math accent \bar on input line 566.
LaTeX Font Info:    Redeclaring math accent \breve on input line 567.
LaTeX Font Info:    Redeclaring math accent \mathring on input line 568.
LaTeX Font Info:    Redeclaring math accent \check on input line 569.
LaTeX Font Info:    Redeclaring math accent \dot on input line 573.
LaTeX Font Info:    Redeclaring math accent \ddot on input line 574.
LaTeX Font Info:    Redeclaring math accent \vec on input line 1631.
LaTeX Info: Redefining \Bbbk on input line 2208.
LaTeX Info: Redefining \not on input line 2548.
) (c:/texlive/2025/texmf-dist/tex/latex/emptypage/emptypage.sty
Package: emptypage 2010/05/30 v1.2 Suppress page numbers and headings on empty pages
) (c:/texlive/2025/texmf-dist/tex/latex/listings/listings.sty \lstset,
\lst@mode=\count406
 
new hook `InitVars',

new hook `EndGroup',

new hook `ExitVars',

new hook `ModeTrue',

new hook `EOL',
\lst@gtempboxa=\box89
\lst@token=\toks57
\lst@length=\count407

new hook `InitVarsBOL',
\lst@currlwidth=\dimen350
\lst@column=\count408
\lst@pos=\count409
\lst@lostspace=\dimen351
\lst@width=\dimen352
basewidth, 
new hook `FontAdjust',
fontadjust, 
new hook `PostOutput',

new hook `OutputBox',

new hook `InitBOL',
columns, flexiblecolumns,
\lst@newlines=\count410
 
new hook `OnNewLine',
emptylines, 
new hook `OnEmptyLine',
identifierstyle, 
new hook `EmptyStyle',

new hook `OutputOther',

new hook `Output',
tabsize, showtabs, tab, showspaces, keepspaces, 
new hook `Init',
formfeed, upquote, SelectCharTable, MoreSelectCharTable, 
new hook `SetLanguage',
extendedchars, useoutput, rescanchars, alsoletter, alsodigit, alsoother, 
new hook `SelectCharTable',
excludedelims, delim, moredelim, deletedelim, literate, basicstyle, inputencoding, multicols, 
new hook `EveryLine',
\lst@lineno=\count411
print, firstline, lastline, 
new hook `PreSet',
nolol, linerange, consecutivenumbers, rangeprefix, rangesuffix, rangebeginprefix, rangebeginsuffix, rangeendprefix, rangeendsuffix, includerangemarker, 
new hook `DeInit',
captionpos, abovecaptionskip, belowcaptionskip, label, title, caption, 
new hook `TextStyle',
\lstlistingname, \lstlistingnamestyle, numberbychapter, boxpos, float, floatplacement, aboveskip, belowskip, everydisplay, 
new hook `DisplayStyle',

new hook `PreInit',

new hook `EveryPar',
showlines,
\lst@maxwidth=\dimen353
 
new hook `InitVarsEOL',
gobble, name, \lstlistlistingname, \lstlistoflistings, inputpath, \lstnewenvironment, fancyvrb, (c:/texlive/2025/texmf-dist/tex/latex/listings/lstpatch.sty
File: lstpatch.sty 2025/10/06 1.11 (Carsten Heinz)
) (c:/texlive/2025/texmf-dist/tex/latex/listings/lstmisc.sty
File: lstmisc.sty 2025/10/06 1.11 (Carsten Heinz)
 
Define lst-aspect `strings': string, morestring, deletestring, stringstyle, showstringspaces, 
new hook `ExcludeDelims',

Allocs: none

Define lst-aspect `comments': comment, morecomment, deletecomment, commentstyle, 
new hook `AfterBeginComment',

Allocs: none

Define lst-aspect `escape': texcl, escapebegin, escapeend, escapechar, escapeinside, mathescape, 
Allocs: none

Define lst-aspect `keywords': sensitive, 
new hook `TrackKeywords',

new hook `PostTrackKeywords',

new hook `DetectKeywords',
classoffset, keywords, morekeywords, deletekeywords, keywordstyle, keywordstyle, ndkeywords, morendkeywords, deletendkeywords, ndkeywordstyle, keywordsprefix, otherkeywords, 
Allocs: none

Define lst-aspect `emph': emph, moreemph, deleteemph, emphstyle, 
Allocs: none

Define lst-aspect `index': index, moreindex, deleteindex, indexstyle, \lstindexmacro, 
Allocs: none

Define lst-aspect `style': \lststylefiles, \lstdefinestyle, \lst@definestyle, style, 
new hook `SetStyle',

Allocs: none

Define lst-aspect `language': \lstlanguagefiles, \lstdefinelanguage, \lst@definelanguage, language, alsolanguage, \lstalias, defaultdialect, 
Allocs: none

Define lst-aspect `labels': numbers, stepnumber, numberfirstline, numberstyle, numbersep, numberblanklines, firstnumber,
\c@lstnumber=\count412
\lst@skipnumbers=\count413
 
Allocs: 2\count, 

Define lst-aspect `lineshape': xleftmargin, xrightmargin, resetmargins, 
new hook `BoxUnsafe',
linewidth, lineskip, breaklines, breakindent, breakautoindent, breakatwhitespace, prebreak, postbreak, 
Allocs: none

Define lst-aspect `frames': framexleftmargin, framexrightmargin, framextopmargin, framexbottommargin, backgroundcolor, fillcolor, rulecolor, rulesepcolor, rulesep, framerule, framesep, frameshape, frameround, frame,
\lst@framebox=\box90
 
Allocs: 1\box, 
) 
Allocs: 8\count, 4\dimen, 2\box, 1\toks, 
(c:/texlive/2025/texmf-dist/tex/latex/listings/listings.cfg
File: listings.cfg 2025/10/06 1.11 listings configuration
))
Package: listings 2025/10/06 1.11 (Carsten Heinz)

==> First Aid for listings.sty no longer applied!
    Expected:
        2024/09/23 1.10c (Carsten Heinz)
    but found:
        2025/10/06 1.11 (Carsten Heinz)
    so I'm assuming it got fixed.
) (c:/texlive/2025/texmf-dist/tex/latex/biblatex/biblatex.sty
Package: biblatex 2025/07/10 v3.21 programmable bibliographies (PK/MW)
 (c:/texlive/2025/texmf-dist/tex/latex/logreq/logreq.sty
Package: logreq 2010/08/04 v1.0 xml request logger
\lrq@indent=\count414
 (c:/texlive/2025/texmf-dist/tex/latex/logreq/logreq.def
File: logreq.def 2010/08/04 v1.0 logreq spec v1.0
))
\c@tabx@nest=\count415
\c@listtotal=\count416
\c@listcount=\count417
\c@liststart=\count418
\c@liststop=\count419
\c@citecount=\count420
\c@citetotal=\count421
\c@multicitecount=\count422
\c@multicitetotal=\count423
\c@instcount=\count424
\c@maxnames=\count425
\c@minnames=\count426
\c@maxitems=\count427
\c@minitems=\count428
\c@citecounter=\count429
\c@maxcitecounter=\count430
\c@savedcitecounter=\count431
\c@uniquelist=\count432
\c@uniquename=\count433
\c@refsection=\count434
\c@refsegment=\count435
\c@maxextratitle=\count436
\c@maxextratitleyear=\count437
\c@maxextraname=\count438
\c@maxextradate=\count439
\c@maxextraalpha=\count440
\c@abbrvpenalty=\count441
\c@highnamepenalty=\count442
\c@lownamepenalty=\count443
\c@maxparens=\count444
\c@parenlevel=\count445
\blx@tempcnta=\count446
\blx@tempcntb=\count447
\blx@tempcntc=\count448
\c@blx@maxsection=\count449
\blx@maxsegment@0=\count450
\blx@notetype=\count451
\blx@parenlevel@text=\count452
\blx@parenlevel@foot=\count453
\blx@sectionciteorder@0=\count454
\blx@sectionciteorderinternal@0=\count455
\blx@entrysetcounter=\count456
\blx@biblioinstance=\count457
\labelnumberwidth=\skip99
\labelalphawidth=\skip100
\biblabelsep=\skip101
\bibitemsep=\skip102
\bibnamesep=\skip103
\bibinitsep=\skip104
\bibparsep=\skip105
\bibhang=\skip106
\blx@bcfin=\read4
\blx@bcfout=\write4
\blx@langwohyphens=\language49
\c@mincomprange=\count458
\c@maxcomprange=\count459
\c@mincompwidth=\count460
Package biblatex Info: Trying to load biblatex default data model...
Package biblatex Info: ... file 'blx-dm.def' found.
 (c:/texlive/2025/texmf-dist/tex/latex/biblatex/blx-dm.def
File: blx-dm.def 2025/07/10 v3.21 biblatex datamodel (PK/MW)
)
Package biblatex Info: Trying to load biblatex style data model...
Package biblatex Info: ... file 'authoryear.dbx' not found.
Package biblatex Info: Trying to load biblatex custom data model...
Package biblatex Info: ... file 'biblatex-dm.cfg' not found.
\c@afterword=\count461
\c@savedafterword=\count462
\c@annotator=\count463
\c@savedannotator=\count464
\c@author=\count465
\c@savedauthor=\count466
\c@bookauthor=\count467
\c@savedbookauthor=\count468
\c@commentator=\count469
\c@savedcommentator=\count470
\c@editor=\count471
\c@savededitor=\count472
\c@editora=\count473
\c@savededitora=\count474
\c@editorb=\count475
\c@savededitorb=\count476
\c@editorc=\count477
\c@savededitorc=\count478
\c@foreword=\count479
\c@savedforeword=\count480
\c@holder=\count481
\c@savedholder=\count482
\c@introduction=\count483
\c@savedintroduction=\count484
\c@namea=\count485
\c@savednamea=\count486
\c@nameb=\count487
\c@savednameb=\count488
\c@namec=\count489
\c@savednamec=\count490
\c@translator=\count491
\c@savedtranslator=\count492
\c@shortauthor=\count493
\c@savedshortauthor=\count494
\c@shorteditor=\count495
\c@savedshorteditor=\count496
\c@labelname=\count497
\c@savedlabelname=\count498
\c@institution=\count499
\c@savedinstitution=\count500
\c@lista=\count501
\c@savedlista=\count502
\c@listb=\count503
\c@savedlistb=\count504
\c@listc=\count505
\c@savedlistc=\count506
\c@listd=\count507
\c@savedlistd=\count508
\c@liste=\count509
\c@savedliste=\count510
\c@listf=\count511
\c@savedlistf=\count512
\c@location=\count513
\c@savedlocation=\count514
\c@organization=\count515
\c@savedorganization=\count516
\c@origlocation=\count517
\c@savedoriglocation=\count518
\c@origpublisher=\count519
\c@savedorigpublisher=\count520
\c@publisher=\count521
\c@savedpublisher=\count522
\c@language=\count523
\c@savedlanguage=\count524
\c@origlanguage=\count525
\c@savedoriglanguage=\count526
\c@pageref=\count527
\c@savedpageref=\count528
\shorthandwidth=\skip107
\shortjournalwidth=\skip108
\shortserieswidth=\skip109
\shorttitlewidth=\skip110
\shortauthorwidth=\skip111
\shorteditorwidth=\skip112
\locallabelnumberwidth=\skip113
\locallabelalphawidth=\skip114
\localshorthandwidth=\skip115
\localshortjournalwidth=\skip116
\localshortserieswidth=\skip117
\localshorttitlewidth=\skip118
\localshortauthorwidth=\skip119
\localshorteditorwidth=\skip120
Package biblatex Info: Trying to load compatibility code...
Package biblatex Info: ... file 'blx-compat.def' found.
 (c:/texlive/2025/texmf-dist/tex/latex/biblatex/blx-compat.def
File: blx-compat.def 2025/07/10 v3.21 biblatex compatibility (PK/MW)
)
Package biblatex Info: Trying to load generic definitions...
Package biblatex Info: ... file 'biblatex.def' found.
 (c:/texlive/2025/texmf-dist/tex/latex/biblatex/biblatex.def
File: biblatex.def 2025/07/10 v3.21 biblatex compatibility (PK/MW)
\c@textcitecount=\count529
\c@textcitetotal=\count530
\c@textcitemaxnames=\count531
\c@biburlbigbreakpenalty=\count532
\c@biburlbreakpenalty=\count533
\c@biburlnumpenalty=\count534
\c@biburlucpenalty=\count535
\c@biburllcpenalty=\count536
\biburlbigskip=\muskip19
\biburlnumskip=\muskip20
\biburlucskip=\muskip21
\biburllcskip=\muskip22
\c@smartand=\count537
)
Package biblatex Info: Trying to load bibliography style 'authoryear'...
Package biblatex Info: ... file 'authoryear.bbx' found.
 (c:/texlive/2025/texmf-dist/tex/latex/biblatex/bbx/authoryear.bbx
File: authoryear.bbx 2025/07/10 v3.21 biblatex bibliography style (PK/MW)
Package biblatex Info: Trying to load bibliography style 'standard'...
Package biblatex Info: ... file 'standard.bbx' found.
 (c:/texlive/2025/texmf-dist/tex/latex/biblatex/bbx/standard.bbx
File: standard.bbx 2025/07/10 v3.21 biblatex bibliography style (PK/MW)
\c@bbx:relatedcount=\count538
\c@bbx:relatedtotal=\count539
))
Package biblatex Info: Trying to load citation style 'authoryear'...
Package biblatex Info: ... file 'authoryear.cbx' found.
 (c:/texlive/2025/texmf-dist/tex/latex/biblatex/cbx/authoryear.cbx
File: authoryear.cbx 2025/07/10 v3.21 biblatex citation style (PK/MW)
Package biblatex Info: Redefining '\cite'.
Package biblatex Info: Redefining '\parencite'.
Package biblatex Info: Redefining '\footcite'.
Package biblatex Info: Redefining '\footcitetext'.
Package biblatex Info: Redefining '\smartcite'.
Package biblatex Info: Redefining '\textcite'.
Package biblatex Info: Redefining '\textcites'.
)
Package biblatex Info: Trying to load configuration file...
Package biblatex Info: ... file 'biblatex.cfg' found.
 (c:/texlive/2025/texmf-dist/tex/latex/biblatex/biblatex.cfg
File: biblatex.cfg 
)
Package biblatex Info: Input encoding 'utf8' detected.
Package biblatex Info: Document encoding is UTF8 ....
Package biblatex Info: ... and expl3
(biblatex)             2025-10-24 L3 programming layer (loader) 
(biblatex)             is new enough (at least 2020/04/06),
(biblatex)             setting 'casechanger=expl3'.
 (c:/texlive/2025/texmf-dist/tex/latex/biblatex/blx-case-expl3.sty
Package: blx-case-expl3 2025/07/10 v3.21 expl3 case changing code for biblatex
)) (c:/texlive/2025/texmf-dist/tex/latex/lipsum/lipsum.sty (c:/texlive/2025/texmf-dist/tex/latex/l3packages/l3keys2e/l3keys2e.sty
Package: l3keys2e 2025-10-09 LaTeX2e option processing using LaTeX3 keys
)
Package: lipsum 2021-09-20 v2.7 150 paragraphs of Lorem Ipsum dummy text
\g__lipsum_par_int=\count540
\l__lipsum_a_int=\count541
\l__lipsum_b_int=\count542
 (c:/texlive/2025/texmf-dist/tex/latex/lipsum/lipsum.ltd.tex)) (c:/texlive/2025/texmf-dist/tex/latex/printlen/printlen.sty
Package: printlen 2009/09/03 v1.1a print lengths with units
) (c:/texlive/2025/texmf-dist/tex/latex/imakeidx/imakeidx.sty
Package: imakeidx 2016/10/15 v1.3e Package for typesetting indices in a synchronous mode
 (c:/texlive/2025/texmf-dist/tex/generic/iftex/ifxetex.sty
Package: ifxetex 2019/10/25 v0.7 ifxetex legacy package. Use iftex instead.
) (c:/texlive/2025/texmf-dist/tex/generic/iftex/ifluatex.sty
Package: ifluatex 2019/10/25 v1.5 ifluatex legacy package. Use iftex instead.
) (c:/texlive/2025/texmf-dist/tex/latex/tools/multicol.sty
Package: multicol 2025/10/21 v2.0b multicolumn formatting (FMi)
\c@tracingmulticols=\count543
\mult@box=\box91
\multicol@leftmargin=\dimen354
\c@unbalance=\count544
\c@collectmore=\count545
\doublecol@number=\count546
\multicoltolerance=\count547
\multicolpretolerance=\count548
\full@width=\dimen355
\page@free=\dimen356
\premulticols=\dimen357
\postmulticols=\dimen358
\multicolsep=\skip121
\multicolbaselineskip=\skip122
\partial@page=\box92
\last@line=\box93
\mc@boxedresult=\box94
\maxbalancingoverflow=\dimen359
\mult@rightbox=\box95
\mult@grightbox=\box96
\mult@firstbox=\box97
\mult@gfirstbox=\box98
\@tempa=\box99
\@tempa=\box100
\@tempa=\box101
\@tempa=\box102
\@tempa=\box103
\@tempa=\box104
\@tempa=\box105
\@tempa=\box106
\@tempa=\box107
\@tempa=\box108
\@tempa=\box109
\@tempa=\box110
\@tempa=\box111
\@tempa=\box112
\@tempa=\box113
\@tempa=\box114
\@tempa=\box115
\@tempa=\box116
\@tempa=\box117
\@tempa=\box118
\@tempa=\box119
\@tempa=\box120
\@tempa=\box121
\@tempa=\box122
\@tempa=\box123
\@tempa=\box124
\@tempa=\box125
\@tempa=\box126
\@tempa=\box127
\@tempa=\box128
\@tempa=\box129
\@tempa=\box130
\@tempa=\box131
\@tempa=\box132
\@tempa=\box133
\@tempa=\box134
\c@minrows=\count549
\c@columnbadness=\count550
\c@finalcolumnbadness=\count551
\last@try=\dimen360
\multicolovershoot=\dimen361
\multicolundershoot=\dimen362
\mult@nat@firstbox=\box135
\colbreak@box=\box136
\mc@col@check@num=\count552
\g__mc_curr_col_int=\count553
))
\report@idxfile=\write5
\openout5 = `report.idx'.


Writing index file report.idx
(c:/texlive/2025/texmf-dist/tex/generic/babel/babel.sty
Package: babel 2025/11/09 v25.15 The multilingual framework for LuaLaTeX, pdfLaTeX and XeLaTeX
\babel@savecnt=\count554
LaTeX Encoding Info:    Redeclaring text command \ij (encoding OT1) on input line 2050.
LaTeX Encoding Info:    Redeclaring text command \IJ (encoding OT1) on input line 2052.
LaTeX Encoding Info:    Redeclaring text command \ij (encoding T1) on input line 2054.
LaTeX Encoding Info:    Redeclaring text command \IJ (encoding T1) on input line 2055.
LaTeX Encoding Info:    Ignoring declaration for text command \ij (encoding ?) on input line 2056.
LaTeX Encoding Info:    Ignoring declaration for text command \IJ (encoding ?) on input line 2058.
LaTeX Encoding Info:    Ignoring declaration for text command \SS (encoding ?) on input line 2083.
\U@D=\dimen363
\l@unhyphenated=\language50
 (c:/texlive/2025/texmf-dist/tex/generic/babel/txtbabel.def)
\bbl@readstream=\read5
\bbl@dirlevel=\count555
 (c:/texlive/2025/texmf-dist/tex/generic/babel/locale/fr/babel-french.tex)
Package babel Info: Importing font and identification data for french
(babel)             from babel-fr.ini. Reported on input line 4298.
 (c:/texlive/2025/texmf-dist/tex/generic/babel-french/french.ldf
Language: french 2025-08-15 v4.0e French support from the babel system
 (c:/texlive/2025/texmf-dist/tex/generic/babel-french/french3.ldf
Language: french 2025-08-15 v3.7e French support from the babel system
\FB@stdchar=\count556
Package babel Info: Making : an active character on input line 273.
Package babel Info: Making ; an active character on input line 274.
Package babel Info: Making ! an active character on input line 275.
Package babel Info: Making ? an active character on input line 276.
\FBguill@level=\count557
\FBold@everypar=\toks58
\FB@Mht=\dimen364
\mc@charclass=\count558
\mc@charfam=\count559
\mc@charslot=\count560
\std@mcc=\count561
\dec@mcc=\count562
\FB@pardim=\dimen365
\listindentFB=\dimen366
\descindentFB=\dimen367
\labelindentFB=\dimen368
\labelwidthFB=\dimen369
\leftmarginFB=\dimen370
\parindentFFN=\dimen371
\FBfnindent=\dimen372
))) (c:/texlive/2025/texmf-dist/tex/latex/framed/framed.sty
Package: framed 2011/10/22 v 0.96: framed or shaded text with page breaks
\OuterFrameSep=\skip123
\fb@frw=\dimen373
\fb@frh=\dimen374
\FrameRule=\dimen375
\FrameSep=\dimen376
) (c:/texlive/2025/texmf-dist/tex/latex/csquotes/csquotes.sty
Package: csquotes 2024-04-04 v5.2o context-sensitive quotations (JAW)
\csq@reset=\count563
\csq@gtype=\count564
\csq@glevel=\count565
\csq@qlevel=\count566
\csq@maxlvl=\count567
\csq@tshold=\count568
\csq@ltx@everypar=\toks59
 (c:/texlive/2025/texmf-dist/tex/latex/csquotes/csquotes.def
File: csquotes.def 2024-04-04 v5.2o csquotes generic definitions (JAW)
)
Package csquotes Info: Trying to load configuration file 'csquotes.cfg'...
Package csquotes Info: ... configuration file loaded successfully.
 (c:/texlive/2025/texmf-dist/tex/latex/csquotes/csquotes.cfg
File: csquotes.cfg 
)) (c:/texlive/2025/texmf-dist/tex/latex/overpic/overpic.sty
Package: overpic 2024/01/06 2.1 picture overlays (RN)
 (c:/texlive/2025/texmf-dist/tex/latex/eepic/epic.sty
Enhancements to Picture Environment. Version 1.2 - Released June 1, 1986
\@@multicnt=\count569
\d@lta=\count570
\@delta=\dimen377
\@@delta=\dimen378
\@gridcnt=\count571
\@joinkind=\count572
\@dotgap=\dimen379
\@ddotgap=\dimen380
\@x@diff=\count573
\@y@diff=\count574
\x@diff=\dimen381
\y@diff=\dimen382
\@dotbox=\box137
\num@segments=\count575
\num@segmentsi=\count576
\@datafile=\read6
)
\OVP@box=\box138
) (c:/texlive/2025/texmf-dist/tex/latex/pgfplots/pgfplots.sty (c:/texlive/2025/texmf-dist/tex/generic/pgfplots/pgfplots.revision.tex)
Package: pgfplots 2025/08/14 v1.18.2 Data Visualization (1.18.2)
 (c:/texlive/2025/texmf-dist/tex/generic/pgfplots/pgfplots.code.tex (c:/texlive/2025/texmf-dist/tex/generic/pgfplots/pgfplotscore.code.tex
\t@pgfplots@toka=\toks60
\t@pgfplots@tokb=\toks61
\t@pgfplots@tokc=\toks62
\pgfplots@tmpa=\dimen383
\c@pgfplots@coordindex=\count577
\c@pgfplots@scanlineindex=\count578
 (c:/texlive/2025/texmf-dist/tex/generic/pgfplots/sys/pgfplotssysgeneric.code.tex)) (c:/texlive/2025/texmf-dist/tex/generic/pgfplots/libs/pgfplotslibrary.code.tex) (c:/texlive/2025/texmf-dist/tex/generic/pgfplots/oldpgfcompatib/pgfplotsoldpgfsupp_loader.code.tex (c:/texlive/2025/texmf-dist/tex/generic/pgf/libraries/pgflibraryfpu.code.tex) (c:/texlive/2025/texmf-dist/tex/generic/pgfplots/oldpgfcompatib/pgfplotsoldpgfsupp_pgfutil-common-lists.tex)) (c:/texlive/2025/texmf-dist/tex/generic/pgfplots/util/pgfplotsutil.code.tex (c:/texlive/2025/texmf-dist/tex/generic/pgfplots/liststructure/pgfplotsliststructure.code.tex) (c:/texlive/2025/texmf-dist/tex/generic/pgfplots/liststructure/pgfplotsliststructureext.code.tex) (c:/texlive/2025/texmf-dist/tex/generic/pgfplots/liststructure/pgfplotsarray.code.tex
\c@pgfplotsarray@tmp=\count579
) (c:/texlive/2025/texmf-dist/tex/generic/pgfplots/liststructure/pgfplotsmatrix.code.tex) (c:/texlive/2025/texmf-dist/tex/generic/pgfplots/numtable/pgfplotstableshared.code.tex
\c@pgfplotstable@counta=\count580
\t@pgfplotstable@a=\toks63
) (c:/texlive/2025/texmf-dist/tex/generic/pgfplots/liststructure/pgfplotsdeque.code.tex) (c:/texlive/2025/texmf-dist/tex/generic/pgfplots/util/pgfplotsbinary.code.tex (c:/texlive/2025/texmf-dist/tex/generic/pgfplots/util/pgfplotsbinary.data.code.tex)) (c:/texlive/2025/texmf-dist/tex/generic/pgfplots/util/pgfplotsutil.verb.code.tex) (c:/texlive/2025/texmf-dist/tex/generic/pgfplots/libs/pgflibrarypgfplots.surfshading.code.tex
\c@pgfplotslibrarysurf@no=\count581
 (c:/texlive/2025/texmf-dist/tex/generic/pgfplots/sys/pgflibrarypgfplots.surfshading.pgfsys-pdftex.def))) (c:/texlive/2025/texmf-dist/tex/generic/pgfplots/util/pgfplotscolormap.code.tex (c:/texlive/2025/texmf-dist/tex/generic/pgfplots/util/pgfplotscolor.code.tex)) (c:/texlive/2025/texmf-dist/tex/generic/pgfplots/pgfplotsstackedplots.code.tex) (c:/texlive/2025/texmf-dist/tex/generic/pgfplots/pgfplotsplothandlers.code.tex (c:/texlive/2025/texmf-dist/tex/generic/pgfplots/pgfplotsmeshplothandler.code.tex (c:/texlive/2025/texmf-dist/tex/generic/pgfplots/pgfplotsmeshplotimage.code.tex))) (c:/texlive/2025/texmf-dist/tex/generic/pgfplots/pgfplots.scaling.code.tex) (c:/texlive/2025/texmf-dist/tex/generic/pgfplots/pgfplotscoordprocessing.code.tex) (c:/texlive/2025/texmf-dist/tex/generic/pgfplots/pgfplots.errorbars.code.tex) (c:/texlive/2025/texmf-dist/tex/generic/pgfplots/pgfplots.markers.code.tex) (c:/texlive/2025/texmf-dist/tex/generic/pgfplots/pgfplotsticks.code.tex) (c:/texlive/2025/texmf-dist/tex/generic/pgfplots/pgfplots.paths.code.tex) (c:/texlive/2025/texmf-dist/tex/generic/pgf/frontendlayer/tikz/libraries/tikzlibrarydecorations.code.tex (c:/texlive/2025/texmf-dist/tex/generic/pgf/modules/pgfmoduledecorations.code.tex
\pgfdecoratedcompleteddistance=\dimen384
\pgfdecoratedremainingdistance=\dimen385
\pgfdecoratedinputsegmentcompleteddistance=\dimen386
\pgfdecoratedinputsegmentremainingdistance=\dimen387
\pgf@decorate@distancetomove=\dimen388
\pgf@decorate@repeatstate=\count582
\pgfdecorationsegmentamplitude=\dimen389
\pgfdecorationsegmentlength=\dimen390
)
\tikz@lib@dec@box=\box139
) (c:/texlive/2025/texmf-dist/tex/generic/pgf/frontendlayer/tikz/libraries/tikzlibrarydecorations.pathmorphing.code.tex (c:/texlive/2025/texmf-dist/tex/generic/pgf/libraries/decorations/pgflibrarydecorations.pathmorphing.code.tex)) (c:/texlive/2025/texmf-dist/tex/generic/pgf/frontendlayer/tikz/libraries/tikzlibrarydecorations.pathreplacing.code.tex (c:/texlive/2025/texmf-dist/tex/generic/pgf/libraries/decorations/pgflibrarydecorations.pathreplacing.code.tex)) (c:/texlive/2025/texmf-dist/tex/generic/pgfplots/libs/tikzlibrarypgfplots.contourlua.code.tex)
\pgfplots@numplots=\count583
\pgfplots@xmin@reg=\dimen391
\pgfplots@xmax@reg=\dimen392
\pgfplots@ymin@reg=\dimen393
\pgfplots@ymax@reg=\dimen394
\pgfplots@zmin@reg=\dimen395
\pgfplots@zmax@reg=\dimen396
) (c:/texlive/2025/texmf-dist/tex/generic/pgf/frontendlayer/tikz/libraries/tikzlibraryplotmarks.code.tex
File: tikzlibraryplotmarks.code.tex 2025-08-29 v3.1.11a (3.1.11a)
 (c:/texlive/2025/texmf-dist/tex/generic/pgf/libraries/pgflibraryplotmarks.code.tex
File: pgflibraryplotmarks.code.tex 2025-08-29 v3.1.11a (3.1.11a)
))) (c:/texlive/2025/texmf-dist/tex/latex/graphics/lscape.sty
Package: lscape 2020/05/28 v3.02 Landscape Pages (DPC)
) (c:/texlive/2025/texmf-dist/tex/latex/listings/lstlang1.sty
File: lstlang1.sty 2025/10/06 1.11 listings language file
) (c:/texlive/2025/texmf-dist/tex/latex/tcolorbox/tcolorbox.sty
Package: tcolorbox 2025/09/09 version 6.8.0 text color boxes
 (c:/texlive/2025/texmf-dist/tex/latex/tools/verbatim.sty
Package: verbatim 2024-01-22 v1.5x LaTeX2e package for verbatim enhancements
\every@verbatim=\toks64
\verbatim@line=\toks65
\verbatim@in@stream=\read7
) (c:/texlive/2025/texmf-dist/tex/latex/environ/environ.sty
Package: environ 2014/05/04 v0.3 A new way to define environments
 (c:/texlive/2025/texmf-dist/tex/latex/trimspaces/trimspaces.sty
Package: trimspaces 2009/09/17 v1.1 Trim spaces around a token list
))
\tcb@titlebox=\box140
\tcb@upperbox=\box141
\tcb@lowerbox=\box142
\tcb@phantombox=\box143
\c@tcbbreakpart=\count584
\c@tcblayer=\count585
\c@tcolorbox@number=\count586
\l__tcobox_tmpa_box=\box144
\l__tcobox_tmpa_dim=\dimen397
\tcb@temp=\box145
\tcb@temp=\box146
\tcb@temp=\box147
\tcb@temp=\box148
) (c:/texlive/2025/texmf-dist/tex/latex/marginnote/marginnote.sty
Package: marginnote 2018/08/09 1.4b non floating margin notes for LaTeX
\c@mn@abspage=\count587
) (c:/texlive/2025/texmf-dist/tex/latex/glossaries/base/glossaries.sty
Package: glossaries 2025/11/09 v4.9 (NLCT)
 (c:/texlive/2025/texmf-dist/tex/latex/mfirstuc/mfirstuc.sty
Package: mfirstuc 2025/04/03 v2.09 (NLCT)
\@glsmfirst=\toks66
\@glsmrest=\toks67
) (c:/texlive/2025/texmf-dist/tex/latex/xfor/xfor.sty
Package: xfor 2009/02/05 v1.05 (NLCT)
) (c:/texlive/2025/texmf-dist/tex/latex/tracklang/tracklang.sty
Package: tracklang 2025/03/11 v1.6.6 (NLCT) Track Languages
 (c:/texlive/2025/texmf-dist/tex/generic/tracklang/tracklang.tex)
Package tracklang Info: Tracking dialect `french' (language `french') on input line 264.
Package tracklang Info: Tracking dialect `french' (language `french') on input line 264.
) (c:/texlive/2025/texmf-dist/tex/latex/translator/translator.sty
Package: translator 2021-05-31 v1.12d Easy translation of strings in LaTeX
) (c:/texlive/2025/texmf-dist/tex/latex/glossaries-french/glossaries-french.ldf
File: glossaries-french.ldf 2016/12/12 v1.1
) (c:/texlive/2025/texmf-dist/tex/latex/datatool/datatool-base.sty
Package: datatool-base 2025/11/06 v3.4.2 (NLCT)
\l__datatool_tmpa_int=\count588
\l__datatool_tmpb_int=\count589
\l__datatool_tmpc_int=\count590
\l__datatool_tmpd_int=\count591
\l__datatool_count_int=\count592
\l__datatool_tmp_datatype_int=\count593
\l__datatool_tmpa_dim=\dimen398
\l__datatool_tmpb_dim=\dimen399
 (c:/texlive/2025/texmf-dist/tex/latex/datatool/datatool-l3fp.def
File: datatool-l3fp.def 2025/11/06 v3.4.2 (NLCT)
)
\@dtl@toks=\toks68
\@dtl@tmpcount=\count594
\dtl@tmplength=\skip124
\l__datatool_measure_box=\box149
\dtl@sortresult=\count595
 (c:/texlive/2025/texmf-dist/tex/latex/datatool/datatool-utf8.ldf
File: datatool-utf8.ldf 2025/11/06 v3.4.2 (NLCT)
)
\@dtl@datatype=\count596
\c_datatool_unknown_int=\count597
\l__datatool_year_int=\count598
\l__datatool_month_int=\count599
\l__datatool_day_int=\count600
\l__datatool_hour_int=\count601
\l__datatool_minute_int=\count602
\l__datatool_second_int=\count603
\l__datatool_tzhour_int=\count604
\l__datatool_tzminute_int=\count605
\l__datatool_julian_int=\count606
\l__datatool_local_julian_int=\count607
\l__datatool_prefix_int=\count608
\l__datatool_suffix_int=\count609
\@dtl@foreach@level=\count610


Package tracklang Warning: No `datatool' support for dialect `french'  on input line 9924.

\dtl@codeA=\count611
\dtl@codeB=\count612
)
\gls@level=\count613
\@gls@tmpb=\toks69
\gls@tmplen=\skip125
\l__glossaries_tmpa_dim=\dimen400
\l__glossaries_tmpb_dim=\dimen401
\glskeylisttok=\toks70
\glslabeltok=\toks71
\glsshorttok=\toks72
\glslongtok=\toks73
 (c:/texlive/2025/texmf-dist/tex/latex/glossaries/styles/glossary-hypernav.sty
Package: glossary-hypernav 2025/11/09 v4.9 (NLCT)
) (c:/texlive/2025/texmf-dist/tex/latex/glossaries/styles/glossary-list.sty
Package: glossary-list 2025/11/09 v4.9 (NLCT)
\glslistdottedwidth=\skip126
) (c:/texlive/2025/texmf-dist/tex/latex/glossaries/styles/glossary-long.sty
Package: glossary-long 2025/11/09 v4.9 (NLCT)
\glsdescwidth=\skip127
\glspagelistwidth=\skip128
) (c:/texlive/2025/texmf-dist/tex/latex/glossaries/styles/glossary-super.sty
Package: glossary-super 2025/11/09 v4.9 (NLCT)
 (c:/texlive/2025/texmf-dist/tex/latex/supertabular/supertabular.sty
Package: supertabular 2024/07/20 v4.2c the supertabular environment
\c@tracingst=\count614
\ST@wd=\dimen402
\ST@rightskip=\skip129
\ST@leftskip=\skip130
\ST@parfillskip=\skip131
\ST@pageleft=\dimen403
\ST@headht=\dimen404
\ST@tailht=\dimen405
\ST@pagesofar=\dimen406
\ST@pboxht=\dimen407
\ST@rowht=\dimen408
\ST@prevht=\dimen409
\ST@toadd=\dimen410
\ST@dimen=\dimen411
\ST@pbox=\box150
)) (c:/texlive/2025/texmf-dist/tex/latex/glossaries/styles/glossary-tree.sty
Package: glossary-tree 2025/11/09 v4.9 (NLCT)
\l__glossaries_tree_max_known_level_int=\count615
\l__glossaries_tree_offset_dim=\dimen412
\l__glossaries_tree_namewidth_dim=\dimen413
\l__glossaries_tree_symbolwidth_dim=\dimen414
\l__glossaries_tree_prenamesym_width_dim=\dimen415
\l__glossaries_tree_presubnamesym_width_dim=\dimen416
\l__glossaries_tree_namewidth_padding_dim=\dimen417
\l__glossaries_tree_symbolwidth_padding_dim=\dimen418
\l__glossaries_tree_namesymbolwidth_dim=\dimen419
\l__glossaries_tree_namesymbolwidth_padding_dim=\dimen420
\l__glossaries_tree_level_int=\count616
\glstreeindent=\skip132
))
\glswrite=\write6
\glo@main@file=\write7
\openout7 = `report.glo'.

Package glossaries Info: Writing glossary file report.glo on input line 163.
Package hyperref Info: Option `colorlinks' set `true' on input line 173.
 (c:/texlive/2025/texmf-dist/tex/latex/mdframed/mdframed.sty
Package: mdframed 2013/07/01 1.9b: mdframed
 (c:/texlive/2025/texmf-dist/tex/latex/zref/zref-abspage.sty
Package: zref-abspage 2025-06-08 v2.36 Module abspage for zref (HO)
 (c:/texlive/2025/texmf-dist/tex/latex/zref/zref-base.sty
Package: zref-base 2025-06-08 v2.36 Module base for zref (HO)
 (c:/texlive/2025/texmf-dist/tex/generic/etexcmds/etexcmds.sty
Package: etexcmds 2019/12/15 v1.7 Avoid name clashes with e-TeX commands (HO)
) (c:/texlive/2025/texmf-dist/tex/latex/auxhook/auxhook.sty
Package: auxhook 2019-12-17 v1.6 Hooks for auxiliary files (HO)
)
Package zref Info: New property list: main on input line 767.
Package zref Info: New property: default on input line 768.
Package zref Info: New property: page on input line 769.
)
\c@abspage=\count617
Package zref Info: New property: abspage on input line 67.
) (c:/texlive/2025/texmf-dist/tex/latex/needspace/needspace.sty
Package: needspace 2025/03/13 v1.3e reserve vertical space
)
\mdf@templength=\skip133
\c@mdf@globalstyle@cnt=\count618
\mdf@skipabove@length=\skip134
\mdf@skipbelow@length=\skip135
\mdf@leftmargin@length=\skip136
\mdf@rightmargin@length=\skip137
\mdf@innerleftmargin@length=\skip138
\mdf@innerrightmargin@length=\skip139
\mdf@innertopmargin@length=\skip140
\mdf@innerbottommargin@length=\skip141
\mdf@splittopskip@length=\skip142
\mdf@splitbottomskip@length=\skip143
\mdf@outermargin@length=\skip144
\mdf@innermargin@length=\skip145
\mdf@linewidth@length=\skip146
\mdf@innerlinewidth@length=\skip147
\mdf@middlelinewidth@length=\skip148
\mdf@outerlinewidth@length=\skip149
\mdf@roundcorner@length=\skip150
\mdf@footenotedistance@length=\skip151
\mdf@userdefinedwidth@length=\skip152
\mdf@needspace@length=\skip153
\mdf@frametitleaboveskip@length=\skip154
\mdf@frametitlebelowskip@length=\skip155
\mdf@frametitlerulewidth@length=\skip156
\mdf@frametitleleftmargin@length=\skip157
\mdf@frametitlerightmargin@length=\skip158
\mdf@shadowsize@length=\skip159
\mdf@extratopheight@length=\skip160
\mdf@subtitleabovelinewidth@length=\skip161
\mdf@subtitlebelowlinewidth@length=\skip162
\mdf@subtitleaboveskip@length=\skip163
\mdf@subtitlebelowskip@length=\skip164
\mdf@subtitleinneraboveskip@length=\skip165
\mdf@subtitleinnerbelowskip@length=\skip166
\mdf@subsubtitleabovelinewidth@length=\skip167
\mdf@subsubtitlebelowlinewidth@length=\skip168
\mdf@subsubtitleaboveskip@length=\skip169
\mdf@subsubtitlebelowskip@length=\skip170
\mdf@subsubtitleinneraboveskip@length=\skip171
\mdf@subsubtitleinnerbelowskip@length=\skip172
 (c:/texlive/2025/texmf-dist/tex/latex/mdframed/md-frame-0.mdf
File: md-frame-0.mdf 2013/07/01\ 1.9b: md-frame-0
)
\mdf@frametitlebox=\box151
\mdf@footnotebox=\box152
\mdf@splitbox@one=\box153
\mdf@splitbox@two=\box154
\mdf@splitbox@save=\box155
\mdfsplitboxwidth=\skip173
\mdfsplitboxtotalwidth=\skip174
\mdfsplitboxheight=\skip175
\mdfsplitboxdepth=\skip176
\mdfsplitboxtotalheight=\skip177
\mdfframetitleboxwidth=\skip178
\mdfframetitleboxtotalwidth=\skip179
\mdfframetitleboxheight=\skip180
\mdfframetitleboxdepth=\skip181
\mdfframetitleboxtotalheight=\skip182
\mdffootnoteboxwidth=\skip183
\mdffootnoteboxtotalwidth=\skip184
\mdffootnoteboxheight=\skip185
\mdffootnoteboxdepth=\skip186
\mdffootnoteboxtotalheight=\skip187
\mdftotallinewidth=\skip188
\mdfboundingboxwidth=\skip189
\mdfboundingboxtotalwidth=\skip190
\mdfboundingboxheight=\skip191
\mdfboundingboxdepth=\skip192
\mdfboundingboxtotalheight=\skip193
\mdf@freevspace@length=\skip194
\mdf@horizontalwidthofbox@length=\skip195
\mdf@verticalmarginwhole@length=\skip196
\mdf@horizontalspaceofbox=\skip197
\mdfsubtitleheight=\skip198
\mdfsubsubtitleheight=\skip199
\c@mdfcountframes=\count619

****** mdframed patching \endmdf@trivlist

****** -- success******

\mdf@envdepth=\count620
\c@mdf@env@i=\count621
\c@mdf@env@ii=\count622
\c@mdf@zref@counter=\count623
Package zref Info: New property: mdf@pagevalue on input line 895.
) (c:/texlive/2025/texmf-dist/tex/latex/newfloat/newfloat.sty
Package: newfloat 2023/10/01 v1.2 Defining new floating environments (AR)
Package newfloat Info: Unsupported document class, or \@chapter 
(newfloat)             was already redefined by another package.
Package newfloat Info: \@chapter = macro:->\def \Hy@next {\Hy@MakeCurrentHrefAuto {\Hy@chapapp *}\Hy@raisedlink {\hyper@anchorstart {\@currentHref }\hyper@anchorend }}\ifnum \c@secnumdepth >\m@ne \@ifundefined {if@mainmatter}\iftrue {\csname if@mainmatter\endcsname }\let \Hy@next \relax \fi \fi \Hy@next \Hy@org@chapter .
Package newfloat Info: \Hy@org@chapter = macro:[#1]#2->\NR@gettitle {#1}\NR@chapter [{#1}]{#2}.
Package newfloat Info: \algocf@original@chapter = undefined.
)
Package newfloat Info: New float `method' with options `fileext=frm,placement={!ht},name=Encart' on input line 189.
\c@method=\count624
Package newfloat Info: float type `method'=4 on input line 189.
Package caption Info: New subtype `submethod' on input line 189.
\c@submethod=\count625


Package french3.ldf Warning: Please load the "listings" package
(french3.ldf)                AFTER babel/french; reported on input line 228.

Package french3.ldf Info: Setting StandardItemizeEnv=true for
(french3.ldf)             compatibility with enumitem package,
(french3.ldf)             reported on input line 228.
Package french3.ldf Info: Setting StandardEnumerateEnv=true for
(french3.ldf)             compatibility with enumitem package,
(french3.ldf)             reported on input line 228.
LaTeX Font Info:    Font shape `T1/zpltlf/m/n' will be
(Font)              scaled to size 10.0pt on input line 228.
Package csquotes Info: Checking for multilingual support...
Package csquotes Info: ... found 'babel' package.
Package csquotes Info: Adjusting default style.
Package csquotes Info: Redefining alias 'default' -> 'french'.
(./report.aux
Package babel Info: 'french' activates 'french' shorthands.
(babel)             Reported on input line 19.
)
\openout1 = `report.aux'.

LaTeX Font Info:    Checking defaults for OML/npxmi/m/it on input line 228.
LaTeX Font Info:    Trying to load font information for OML+npxmi on input line 228.
 (c:/texlive/2025/texmf-dist/tex/latex/newpx/omlnpxmi.fd
File: omlnpxmi.fd 2013/03/21 Fontinst v1.933 font definitions for OML/npxmi.
)
LaTeX Font Info:    ... okay on input line 228.
LaTeX Font Info:    Checking defaults for OMS/cmsy/m/n on input line 228.
LaTeX Font Info:    ... okay on input line 228.
LaTeX Font Info:    Checking defaults for OT1/cmr/m/n on input line 228.
LaTeX Font Info:    ... okay on input line 228.
LaTeX Font Info:    Checking defaults for T1/cmr/m/n on input line 228.
LaTeX Font Info:    ... okay on input line 228.
LaTeX Font Info:    Checking defaults for TS1/cmr/m/n on input line 228.
LaTeX Font Info:    ... okay on input line 228.
LaTeX Font Info:    Checking defaults for OMX/cmex/m/n on input line 228.
LaTeX Font Info:    ... okay on input line 228.
LaTeX Font Info:    Checking defaults for U/npxexa/m/n on input line 228.
LaTeX Font Info:    Trying to load font information for U+npxexa on input line 228.
 (c:/texlive/2025/texmf-dist/tex/latex/newpx/unpxexa.fd
File: unpxexa.fd 2013/03/24 Fontinst v1.933 font definitions for U/npxexa.
)
LaTeX Font Info:    ... okay on input line 228.
LaTeX Font Info:    Checking defaults for PD1/pdf/m/n on input line 228.
LaTeX Font Info:    ... okay on input line 228.
LaTeX Font Info:    Checking defaults for PU/pdf/m/n on input line 228.
LaTeX Font Info:    ... okay on input line 228.
LaTeX Font Info:    Checking defaults for LMS/npxsy/m/n on input line 228.
LaTeX Font Info:    Trying to load font information for LMS+npxsy on input line 228.
 (c:/texlive/2025/texmf-dist/tex/latex/newpx/lmsnpxsy.fd
File: lmsnpxsy.fd 2016/07/04 Fontinst v1.933 font definitions for LMS/npxsy.
)
LaTeX Font Info:    ... okay on input line 228.
LaTeX Font Info:    Checking defaults for LMX/npxexx/m/n on input line 228.
LaTeX Font Info:    Trying to load font information for LMX+npxexx on input line 228.
 (c:/texlive/2025/texmf-dist/tex/latex/newpx/lmxnpxexx.fd
File: lmxnpxexx.fd 2016/07/04 Fontinst v1.933 font definitions for LMX/npxexx.
)
LaTeX Font Info:    ... okay on input line 228.
LaTeX Info: Command `\dddot' is already robust on input line 228.
LaTeX Info: Command `\ddddot' is already robust on input line 228.
 (c:/texlive/2025/texmf-dist/tex/latex/translations/translations-basic-dictionary-french.trsl
File: translations-basic-dictionary-french.trsl (french translation file `translations-basic-dictionary')
)
Package translations Info: loading dictionary `translations-basic-dictionary' for `french'. on input line 228.
 (c:/texlive/2025/texmf-dist/tex/context/base/mkii/supp-pdf.mkii
[Loading MPS to PDF converter (version 2006.09.02).]
\scratchcounter=\count626
\scratchdimen=\dimen421
\scratchbox=\box156
\nofMPsegments=\count627
\nofMParguments=\count628
\everyMPshowfont=\toks74
\MPscratchCnt=\count629
\MPscratchDim=\dimen422
\MPnumerator=\count630
\makeMPintoPDFobject=\count631
\everyMPtoPDFconversion=\toks75
) (c:/texlive/2025/texmf-dist/tex/latex/epstopdf-pkg/epstopdf-base.sty
Package: epstopdf-base 2020-01-24 v2.11 Base part for package epstopdf
Package epstopdf-base Info: Redefining graphics rule for `.eps' on input line 485.
 (c:/texlive/2025/texmf-dist/tex/latex/latexconfig/epstopdf-sys.cfg
File: epstopdf-sys.cfg 2010/07/13 v1.3 Configuration of (r)epstopdf for TeX Live
))
Package caption Info: Begin \AtBeginDocument code.
Package caption Info: french babel package is loaded.
Package caption Info: hyperref package is loaded.
Package caption Info: listings package is loaded.
Package caption Info: supertabular package is loaded.
Package caption Info: End \AtBeginDocument code.
 (c:/texlive/2025/texmf-dist/tex/latex/pdflscape/pdflscape.sty
Package: pdflscape 2025-06-23 v0.14 Display of landscape pages in PDF
 (c:/texlive/2025/texmf-dist/tex/latex/pdflscape/pdflscape-nometadata.sty
Package: pdflscape-nometadata 2025-06-23 v0.14 Display of landscape pages in PDF (HO)
Package pdflscape Info: Auto-detected driver: pdftex on input line 81.
))
Package hyperref Info: Link coloring ON on input line 228.
 (./report.out) (./report.out)
\@outlinefile=\write8
\openout8 = `report.out'.

LaTeX Info: Redefining \microtypecontext on input line 228.
Package microtype Info: Applying patch `item' on input line 228.
Package microtype Info: Applying patch `toc' on input line 228.
Package microtype Info: Applying patch `eqnum' on input line 228.
Package microtype Info: Applying patch `footnote' on input line 228.
Package microtype Info: Applying patch `verbatim' on input line 228.
LaTeX Info: Redefining \microtypesetup on input line 228.
Package microtype Info: Generating PDF output.
Package microtype Info: Character protrusion enabled (level 2).
Package microtype Info: Using default protrusion set `alltext'.
Package microtype Info: Automatic font expansion enabled (level 2),
(microtype)             stretch: 20, shrink: 20, step: 1, non-selected.
Package microtype Info: Using default expansion set `alltext-nott'.
Package microtype Info: Patching command `\showhyphens'.
Package microtype Info: No adjustment of tracking.
Package microtype Info: No adjustment of interword spacing.
Package microtype Info: No adjustment of character kerning.
 (c:/texlive/2025/texmf-dist/tex/latex/microtype/mt-ppl.cfg
File: mt-ppl.cfg 2005/11/16 v1.6 microtype config. file: Palatino (RS)
)
*geometry* driver: auto-detecting
*geometry* detected driver: pdftex
*geometry* verbose mode - [ preamble ] result:
* driver: pdftex
* paper: a4paper
* layout: <same size as paper>
* layoutoffset:(h,v)=(0.0pt,0.0pt)
* modes: twoside 
* h-part:(L,W,R)=(85.35826pt, 455.24411pt, 56.9055pt)
* v-part:(T,H,B)=(101.40665pt, 591.5302pt, 152.11pt)
* \paperwidth=597.50787pt
* \paperheight=845.04684pt
* \textwidth=455.24411pt
* \textheight=591.5302pt
* \oddsidemargin=13.08827pt
* \evensidemargin=-15.36449pt
* \topmargin=-0.93083pt
* \headheight=12.0pt
* \headsep=18.06749pt
* \topskip=10.0pt
* \footskip=25.29494pt
* \marginparwidth=125.0pt
* \marginparsep=7.0pt
* \columnsep=10.0pt
* \skip\footins=9.0pt plus 4.0pt minus 2.0pt
* \hoffset=0.0pt
* \voffset=0.0pt
* \mag=1000
* \@twocolumnfalse
* \@twosidetrue
* \@mparswitchtrue
* \@reversemarginfalse
* (1in=72.27pt=25.4mm, 1cm=28.453pt)

\c@mv@tabular=\count632
\c@mv@boldtabular=\count633
\c@lstlisting=\count634
Package biblatex Info: Trying to load language 'french'...
Package biblatex Info: ... file 'french.lbx' found.
(c:/texlive/2025/texmf-dist/tex/latex/biblatex/lbx/french.lbx
File: french.lbx 2025/07/10 v3.21 biblatex localization (PK/MW)
)
Package biblatex Info: Input encoding 'utf8' detected.
Package biblatex Info: Automatic encoding selection.
(biblatex)             Assuming data encoding 'utf8'.
\openout4 = `report.bcf'.

Package biblatex Info: Trying to load bibliographic data...
Package biblatex Info: ... file 'report.bbl' found.
 (./report.bbl

Package biblatex Warning: The following entry could not be found
(biblatex)                in the database:
(biblatex)                aykut_gouverner_nodate
(biblatex)                Please verify the spelling and rerun
(biblatex)                LaTeX afterwards.

)
Package biblatex Info: Reference section=0 on input line 228.
Package biblatex Info: Reference segment=0 on input line 228.
LaTeX Info: Redefining \degres on input line 228.

Package pgfplots notification 'compat/show suggested version=true': you might benefit from \pgfplotsset{compat=1.18} (current compat level: 1.7).

(./report.glsdefs)
Package newfloat Info: Trying Plan B...
Package newfloat Info: `float' package detected.
 (./mainmatter/glossaire.tex
\@gls@deffile=\write9
\openout9 = `report.glsdefs'.

) (c:/texlive/2025/texmf-dist/tex/generic/pgf/frontendlayer/tikz/libraries/tikzlibrarypositioning.code.tex
File: tikzlibrarypositioning.code.tex 2025-08-29 v3.1.11a (3.1.11a)
)
<figures/logos/clouds.jpg, id=296, 3468.96pt x 5203.44pt>
File: figures/logos/clouds.jpg Graphic file (type jpg)
<use figures/logos/clouds.jpg>
Package pdftex.def Info: figures/logos/clouds.jpg  used on input line 247.
(pdftex.def)             Requested size: 597.50787pt x 896.24463pt.
<figures/logos/CMA.png, id=299, 456.0237pt x 120.45pt>
File: figures/logos/CMA.png Graphic file (type png)
<use figures/logos/CMA.png>
Package pdftex.def Info: figures/logos/CMA.png  used on input line 247.
(pdftex.def)             Requested size: 312.40218pt x 82.51299pt.
<figures/logos/iedes_alpha.png, id=301, 3318.3975pt x 1778.645pt>
File: figures/logos/iedes_alpha.png Graphic file (type png)
<use figures/logos/iedes_alpha.png>
Package pdftex.def Info: figures/logos/iedes_alpha.png  used on input line 247.
(pdftex.def)             Requested size: 222.94415pt x 119.50157pt.
LaTeX Font Info:    Trying to load font information for T1+RobotoSlab-TLF on input line 247.
 (c:/texlive/2025/texmf-dist/tex/latex/roboto/T1RobotoSlab-TLF.fd
File: T1RobotoSlab-TLF.fd 2019/12/11 (autoinst) Font definitions for T1/RobotoSlab-TLF.
)
Package microtype Info: Loading generic protrusion settings for font family
(microtype)             `RobotoSlab-TLF' (encoding: T1).
(microtype)             For optimal results, create family-specific settings.
(microtype)             See the microtype manual for details.


LaTeX Font Warning: Font shape `T1/RobotoSlab-TLF/light/it' undefined
(Font)              using `T1/RobotoSlab-TLF/light/n' instead on input line 247.

LaTeX Font Info:    Trying to load font information for OT1+minzpl on input line 247.
(c:/texlive/2025/texmf-dist/tex/latex/newpx/ot1minzpl.fd
File: ot1minzpl.fd 2021/05/25 v1.0 font definition file for OT1/minzpl/TLF
)
LaTeX Font Info:    Font shape `OT1/minzpl/m/n' will be
(Font)              scaled to size 10.0pt on input line 247.
Package microtype Info: Loading generic protrusion settings for font family
(microtype)             `minzpl' (encoding: OT1).
(microtype)             For optimal results, create family-specific settings.
(microtype)             See the microtype manual for details.
LaTeX Font Info:    Font shape `OT1/minzpl/m/n' will be
(Font)              scaled to size 7.3pt on input line 247.
LaTeX Font Info:    Font shape `OT1/minzpl/m/n' will be
(Font)              scaled to size 5.5pt on input line 247.
LaTeX Font Info:    Trying to load font information for U+msa on input line 247.
 (c:/texlive/2025/texmf-dist/tex/latex/amsfonts/umsa.fd
File: umsa.fd 2013/01/14 v3.01 AMS symbols A
) (c:/texlive/2025/texmf-dist/tex/latex/microtype/mt-msa.cfg
File: mt-msa.cfg 2006/02/04 v1.1 microtype config. file: AMS symbols (a) (RS)
)
LaTeX Font Info:    Trying to load font information for U+msb on input line 247.
 (c:/texlive/2025/texmf-dist/tex/latex/amsfonts/umsb.fd
File: umsb.fd 2013/01/14 v3.01 AMS symbols B
) (c:/texlive/2025/texmf-dist/tex/latex/microtype/mt-msb.cfg
File: mt-msb.cfg 2005/06/01 v1.0 microtype config. file: AMS symbols (b) (RS)
)
LaTeX Font Info:    Trying to load font information for U+npxmia on input line 247.
 (c:/texlive/2025/texmf-dist/tex/latex/newpx/unpxmia.fd
File: unpxmia.fd 2013/03/24 Fontinst v1.933 font definitions for U/npxmia.
)
LaTeX Font Info:    Trying to load font information for U+npxsym on input line 247.
 (c:/texlive/2025/texmf-dist/tex/latex/newpx/unpxsym.fd
File: unpxsym.fd 2023/08/16 Fontinst v1.933 font definitions for U/npxsym.
)
LaTeX Font Info:    Trying to load font information for U+npxsyc on input line 247.
 (c:/texlive/2025/texmf-dist/tex/latex/newpx/unpxsyc.fd
File: unpxsyc.fd 2013/03/24 Fontinst v1.933 font definitions for U/npxsyc.
) [1

\openout6 = `report.ist'.


{c:/texlive/2025/texmf-var/fonts/map/pdftex/updmap/pdftex.map}{c:/texlive/2025/texmf-dist/fonts/enc/dvips/roboto/rbto_j2bk2t.enc} <./figures/logos/clouds.jpg> <./figures/logos/CMA.png> <./figures/logos/iedes_alpha.png>] (./frontmatter/title-report.tex [2

]
<illustrations/ccby.png, id=316, 97.0827pt x 33.9669pt>
File: illustrations/ccby.png Graphic file (type png)
<use illustrations/ccby.png>
Package pdftex.def Info: illustrations/ccby.png  used on input line 39.
(pdftex.def)             Requested size: 85.35826pt x 29.86607pt.
LaTeX Font Info:    Font shape `T1/zpltlf/b/n' will be
(Font)              scaled to size 10.0pt on input line 45.
<figures/logos/iedes_logo.jpg, id=317, 3318.3975pt x 1778.645pt>
File: figures/logos/iedes_logo.jpg Graphic file (type jpg)
<use figures/logos/iedes_logo.jpg>
Package pdftex.def Info: figures/logos/iedes_logo.jpg  used on input line 85.
(pdftex.def)             Requested size: 227.62206pt x 121.99385pt.

pdfTeX warning (ext4): destination with the same identifier (name{page.i}) has been already used, duplicate ignored
<to be read again> 
                   \relax 
l.89 \end{titlepage}
                     [1{c:/texlive/2025/texmf-dist/fonts/enc/dvips/newtx/ntx-ec-tlf.enc} <./illustrations/ccby.png> <./figures/logos/iedes_logo.jpg>]) (./frontmatter/intention.tex
pdfTeX warning (ext4): destination with the same identifier (name{page.ii}) has been already used, duplicate ignored
<to be read again> 
                   \relax 
l.1 \chapter
            *{Note d'intention} [2

]
LaTeX Font Info:    Font shape `T1/zpltlf/m/n' will be
(Font)              scaled to size 24.88pt on input line 1.

Underfull \hbox (badness 10000) in paragraph at lines 4--5

 []


Underfull \hbox (badness 10000) in paragraph at lines 6--7

 []


Underfull \hbox (badness 10000) in paragraph at lines 8--9

 []

LaTeX Font Info:    Font shape `T1/zpltlf/m/it' will be
(Font)              scaled to size 10.0pt on input line 10.

Underfull \hbox (badness 10000) in paragraph at lines 10--11

 []

) (./frontmatter/remerciements.tex [3] [4]
Underfull \hbox (badness 10000) in paragraph at lines 6--7

 []


Underfull \hbox (badness 10000) in paragraph at lines 11--12

 []


Underfull \hbox (badness 10000) in paragraph at lines 15--16

 []

) [5

] [6

] (./report.toc [7]
Package babel Info: 'french' activates 'french' shorthands.
(babel)             Reported on input line 95.
 [8])
\tf@toc=\write10
\openout10 = `report.toc'.



Package fancyhdr Warning: \headheight is too small (12.0pt): 
(fancyhdr)                Make it at least 14.16994pt, for example:
(fancyhdr)                \setlength{\headheight}{14.16994pt}.
(fancyhdr)                You might also make \topmargin smaller:
(fancyhdr)                \addtolength{\topmargin}{-2.16994pt}.

[9] [10

] (./mainmatter/0_Introduction.tex
Package biblatex Info: Reference segment=1 on input line 9.
Package biblatex Info: Setting label 'refsegment:01' on input line 9.
LaTeX Font Info:    Font shape `T1/zpltlf/m/sc' will be
(Font)              scaled to size 10.0pt on input line 23.
Package microtype Info: Character `029' is missing
(microtype)             in font `T1/zpltlf/m/sc/10'.
(microtype)             Ignoring protrusion settings for this character.

Underfull \hbox (badness 10000) in paragraph at lines 26--27

 []


Underfull \hbox (badness 10000) in paragraph at lines 31--32

 []


Underfull \hbox (badness 10000) in paragraph at lines 33--34

 []

[1

{c:/texlive/2025/texmf-dist/fonts/enc/dvips/newtx/ntx-ec-tlf-pc.enc}]
<figures/trajectoire_spm6.png, id=458, 1871.99374pt x 1313.90875pt>
File: figures/trajectoire_spm6.png Graphic file (type png)
<use figures/trajectoire_spm6.png>
Package pdftex.def Info: figures/trajectoire_spm6.png  used on input line 39.
(pdftex.def)             Requested size: 455.24411pt x 319.51465pt.
LaTeX Font Info:    Font shape `T1/zpltlf/m/n' will be
(Font)              scaled to size 8.0pt on input line 40.
LaTeX Font Info:    Font shape `T1/zpltlf/b/n' will be
(Font)              scaled to size 8.0pt on input line 40.
LaTeX Font Info:    Font shape `T1/zpltlf/b/sc' will be
(Font)              scaled to size 8.0pt on input line 40.
Package microtype Info: Character `029' is missing
(microtype)             in font `T1/zpltlf/b/sc/8'.
(microtype)             Ignoring protrusion settings for this character.
LaTeX Font Info:    Font shape `T1/zpltlf/m/sc' will be
(Font)              scaled to size 8.0pt on input line 40.
Package microtype Info: Character `029' is missing
(microtype)             in font `T1/zpltlf/m/sc/8'.
(microtype)             Ignoring protrusion settings for this character.

Underfull \hbox (badness 10000) in paragraph at lines 44--45

 []

[2 <./figures/trajectoire_spm6.png>]
Underfull \hbox (badness 10000) in paragraph at lines 60--61

 []

<illustrations/intro.png, id=471, 426.8748pt x 191.9973pt>
File: illustrations/intro.png Graphic file (type png)
<use illustrations/intro.png>
Package pdftex.def Info: illustrations/intro.png  used on input line 66.
(pdftex.def)             Requested size: 455.24411pt x 204.77003pt.

Underfull \hbox (badness 10000) in paragraph at lines 73--74

 []


Underfull \hbox (badness 10000) in paragraph at lines 75--76

 []


Underfull \hbox (badness 10000) in paragraph at lines 77--78

 []


Package fancyhdr Warning: \headheight is too small (12.0pt): 
(fancyhdr)                Make it at least 14.16994pt, for example:
(fancyhdr)                \setlength{\headheight}{14.16994pt}.
(fancyhdr)                You might also make \topmargin smaller:
(fancyhdr)                \addtolength{\topmargin}{-2.16994pt}.

[3] [4 <./illustrations/intro.png>]
Underfull \hbox (badness 10000) in paragraph at lines 79--80

 []


Underfull \hbox (badness 10000) in paragraph at lines 85--86

 []

<figures/logos/development.png, id=507, 385.44pt x 385.44pt>
File: figures/logos/development.png Graphic file (type png)
<use figures/logos/development.png>
Package pdftex.def Info: figures/logos/development.png  used on input line 90.
(pdftex.def)             Requested size: 85.35826pt x 85.35579pt.

Package caption Warning: The option `hypcap=true' will be ignored for this
(caption)                particular \caption on input line 91.
See the caption package documentation for explanation.

<illustrations/frame.png, id=508, 301.125pt x 301.125pt>
File: illustrations/frame.png Graphic file (type png)
<use illustrations/frame.png>
Package pdftex.def Info: illustrations/frame.png  used on input line 97.
(pdftex.def)             Requested size: 85.35826pt x 85.35744pt.

Package caption Warning: The option `hypcap=true' will be ignored for this
(caption)                particular \caption on input line 98.
See the caption package documentation for explanation.


Underfull \hbox (badness 10000) in paragraph at lines 109--110

 []

<illustrations/cc_by_nd.png, id=509, 1084.05pt x 598.235pt>
File: illustrations/cc_by_nd.png Graphic file (type png)
<use illustrations/cc_by_nd.png>
Package pdftex.def Info: illustrations/cc_by_nd.png  used on input line 114.
(pdftex.def)             Requested size: 170.71652pt x 94.20425pt.

Package caption Warning: The option `hypcap=true' will be ignored for this
(caption)                particular \caption on input line 115.
See the caption package documentation for explanation.


Overfull \hbox (43.53139pt too wide) in paragraph at lines 114--115
 [][] 
 []


Underfull \vbox (badness 10000) has occurred while \output is active []



Package fancyhdr Warning: \headheight is too small (12.0pt): 
(fancyhdr)                Make it at least 14.16994pt, for example:
(fancyhdr)                \setlength{\headheight}{14.16994pt}.
(fancyhdr)                You might also make \topmargin smaller:
(fancyhdr)                \addtolength{\topmargin}{-2.16994pt}.

[5 <./figures/logos/development.png> <./illustrations/frame.png>]) (./mainmatter/1_impacts-risques.tex [6 <./illustrations/cc_by_nd.png>]
Chapitre 1.
Package newfloat Info: Setting Plan B file extension to `lof'... on input line 1.
LaTeX Font Info:    Font shape `T1/zpltlf/m/n' will be
(Font)              scaled to size 96.0pt on input line 1.
Package biblatex Info: Reference segment=2 on input line 3.
Package biblatex Info: Setting label 'refsegment:02' on input line 3.
[7

]
LaTeX Font Info:    Font shape `T1/zpltlf/m/n' will be
(Font)              scaled to size 14.4pt on input line 35.
LaTeX Font Info:    Font shape `T1/RobotoSlab-TLF/b/n' aliased to
(Font)              `T1/RobotoSlab-TLF/bold/n' on input line 35.

Underfull \hbox (badness 10000) in paragraph at lines 38--39

 []

<figures/spm1.png, id=535, 1866.975pt x 2436.10126pt>
File: figures/spm1.png Graphic file (type png)
<use figures/spm1.png>
Package pdftex.def Info: figures/spm1.png  used on input line 42.
(pdftex.def)             Requested size: 455.24411pt x 594.0064pt.

LaTeX Warning: Float too large for page by 89.82632pt on input line 45.


Package fancyhdr Warning: \headheight is too small (12.0pt): 
(fancyhdr)                Make it at least 14.16994pt, for example:
(fancyhdr)                \setlength{\headheight}{14.16994pt}.
(fancyhdr)                You might also make \topmargin smaller:
(fancyhdr)                \addtolength{\topmargin}{-2.16994pt}.

[8]

Package fancyhdr Warning: \headheight is too small (12.0pt): 
(fancyhdr)                Make it at least 14.16994pt, for example:
(fancyhdr)                \setlength{\headheight}{14.16994pt}.
(fancyhdr)                You might also make \topmargin smaller:
(fancyhdr)                \addtolength{\topmargin}{-2.16994pt}.

[9 <./figures/spm1.png>]
LaTeX Font Info:    Font shape `T1/zpltlf/m/n' will be
(Font)              scaled to size 12.0pt on input line 49.
LaTeX Font Info:    Font shape `T1/RobotoSlab-TLF/b/n' aliased to
(Font)              `T1/RobotoSlab-TLF/bold/n' on input line 49.
<figures/tipping_point.png, id=558, 920.43875pt x 322.20375pt>
File: figures/tipping_point.png Graphic file (type png)
<use figures/tipping_point.png>
Package pdftex.def Info: figures/tipping_point.png  used on input line 70.
(pdftex.def)             Requested size: 455.24411pt x 159.36105pt.
<figures/earth_tipping_point.png, id=563, 770.88pt x 511.9125pt>
File: figures/earth_tipping_point.png Graphic file (type png)
<use figures/earth_tipping_point.png>
Package pdftex.def Info: figures/earth_tipping_point.png  used on input line 77.
(pdftex.def)             Requested size: 227.62206pt x 151.15347pt.
LaTeX Font Info:    Font shape `T1/zpltlf/m/it' will be
(Font)              scaled to size 8.0pt on input line 78.
<figures/Tipping_points_2022_list.jpeg, id=572, 1927.2pt x 1255.69125pt>
File: figures/Tipping_points_2022_list.jpeg Graphic file (type jpg)
<use figures/Tipping_points_2022_list.jpeg>
Package pdftex.def Info: figures/Tipping_points_2022_list.jpeg  used on input line 84.
(pdftex.def)             Requested size: 455.24411pt x 296.62032pt.

Underfull \hbox (badness 10000) in paragraph at lines 91--92

 []


Package fancyhdr Warning: \headheight is too small (12.0pt): 
(fancyhdr)                Make it at least 14.16994pt, for example:
(fancyhdr)                \setlength{\headheight}{14.16994pt}.
(fancyhdr)                You might also make \topmargin smaller:
(fancyhdr)                \addtolength{\topmargin}{-2.16994pt}.

[10]

Package fancyhdr Warning: \headheight is too small (12.0pt): 
(fancyhdr)                Make it at least 14.16994pt, for example:
(fancyhdr)                \setlength{\headheight}{14.16994pt}.
(fancyhdr)                You might also make \topmargin smaller:
(fancyhdr)                \addtolength{\topmargin}{-2.16994pt}.

[11 <./figures/tipping_point.png> <./figures/earth_tipping_point.png>]

Package fancyhdr Warning: \headheight is too small (12.0pt): 
(fancyhdr)                Make it at least 14.16994pt, for example:
(fancyhdr)                \setlength{\headheight}{14.16994pt}.
(fancyhdr)                You might also make \topmargin smaller:
(fancyhdr)                \addtolength{\topmargin}{-2.16994pt}.

[12 <./figures/Tipping_points_2022_list.jpeg>]
Underfull \hbox (badness 10000) in paragraph at lines 105--106

 []


Underfull \hbox (badness 10000) in paragraph at lines 107--108

 []


Package fancyhdr Warning: \headheight is too small (12.0pt): 
(fancyhdr)                Make it at least 14.16994pt, for example:
(fancyhdr)                \setlength{\headheight}{14.16994pt}.
(fancyhdr)                You might also make \topmargin smaller:
(fancyhdr)                \addtolength{\topmargin}{-2.16994pt}.

[13]
LaTeX Font Info:    Trying to load font information for TS1+zpltlf on input line 109.
 (c:/texlive/2025/texmf-dist/tex/latex/newpx/ts1zpltlf.fd
File: ts1zpltlf.fd 2021/11/24 v1.0 fd file for TS1/zpltlf
)
LaTeX Font Info:    Font shape `TS1/zpltlf/m/n' will be
(Font)              scaled to size 10.0pt on input line 109.

Underfull \hbox (badness 10000) in paragraph at lines 109--110

 []

<figures/keeling.png, id=616, 341.275pt x 156.585pt>
File: figures/keeling.png Graphic file (type png)
<use figures/keeling.png>
Package pdftex.def Info: figures/keeling.png  used on input line 114.
(pdftex.def)             Requested size: 227.62206pt x 104.4407pt.

Underfull \hbox (badness 10000) in paragraph at lines 128--129

 []


Package fancyhdr Warning: \headheight is too small (12.0pt): 
(fancyhdr)                Make it at least 14.16994pt, for example:
(fancyhdr)                \setlength{\headheight}{14.16994pt}.
(fancyhdr)                You might also make \topmargin smaller:
(fancyhdr)                \addtolength{\topmargin}{-2.16994pt}.

[14{c:/texlive/2025/texmf-dist/fonts/enc/dvips/newpx/zpl_TOsF.enc} <./figures/keeling.png>]
Underfull \hbox (badness 10000) in paragraph at lines 130--131

 []

<figures/UNFCCC_Party_Groupings.svg.png, id=637, 1927.2pt x 1005.7575pt>
File: figures/UNFCCC_Party_Groupings.svg.png Graphic file (type png)
<use figures/UNFCCC_Party_Groupings.svg.png>
Package pdftex.def Info: figures/UNFCCC_Party_Groupings.svg.png  used on input line 134.
(pdftex.def)             Requested size: 455.24411pt x 237.58076pt.

Underfull \hbox (badness 10000) in paragraph at lines 139--140

 []


Package fancyhdr Warning: \headheight is too small (12.0pt): 
(fancyhdr)                Make it at least 14.16994pt, for example:
(fancyhdr)                \setlength{\headheight}{14.16994pt}.
(fancyhdr)                You might also make \topmargin smaller:
(fancyhdr)                \addtolength{\topmargin}{-2.16994pt}.

[15 <./figures/UNFCCC_Party_Groupings.svg.png>]
Underfull \hbox (badness 10000) in paragraph at lines 147--148

 []


Underfull \hbox (badness 10000) in paragraph at lines 149--150

 []

LaTeX Font Info:    Font shape `T1/zpltlf/m/n' will be
(Font)              scaled to size 7.3pt on input line 164.

Underfull \hbox (badness 10000) in paragraph at lines 164--165

 []


Underfull \hbox (badness 10000) in paragraph at lines 166--167

 []


Package fancyhdr Warning: \headheight is too small (12.0pt): 
(fancyhdr)                Make it at least 14.16994pt, for example:
(fancyhdr)                \setlength{\headheight}{14.16994pt}.
(fancyhdr)                You might also make \topmargin smaller:
(fancyhdr)                \addtolength{\topmargin}{-2.16994pt}.

[16]
<figures/spm2_5.png, id=674, 2097.8375pt x 1100.11pt>
File: figures/spm2_5.png Graphic file (type png)
<use figures/spm2_5.png>
Package pdftex.def Info: figures/spm2_5.png  used on input line 178.
(pdftex.def)             Requested size: 409.71692pt x 214.84792pt.
LaTeX Font Info:    Font shape `T1/zpltlf/m/scit' will be
(Font)              scaled to size 10.0pt on input line 189.

Underfull \vbox (badness 1748) has occurred while \output is active []



Package fancyhdr Warning: \headheight is too small (12.0pt): 
(fancyhdr)                Make it at least 14.16994pt, for example:
(fancyhdr)                \setlength{\headheight}{14.16994pt}.
(fancyhdr)                You might also make \topmargin smaller:
(fancyhdr)                \addtolength{\topmargin}{-2.16994pt}.

[17 <./figures/spm2_5.png>]
Underfull \hbox (badness 10000) in paragraph at lines 219--220

 []


Package fancyhdr Warning: \headheight is too small (12.0pt): 
(fancyhdr)                Make it at least 14.16994pt, for example:
(fancyhdr)                \setlength{\headheight}{14.16994pt}.
(fancyhdr)                You might also make \topmargin smaller:
(fancyhdr)                \addtolength{\topmargin}{-2.16994pt}.

[18]
Underfull \hbox (badness 10000) in paragraph at lines 221--222

 []


Underfull \hbox (badness 10000) in paragraph at lines 223--224

 []

<figures/scc.png, id=705, 1309.89375pt x 782.925pt>
File: figures/scc.png Graphic file (type png)
<use figures/scc.png>
Package pdftex.def Info: figures/scc.png  used on input line 233.
(pdftex.def)             Requested size: 409.71692pt x 244.89044pt.
LaTeX Font Info:    Font shape `OT1/minzpl/m/n' will be
(Font)              scaled to size 8.0pt on input line 234.
LaTeX Font Info:    Font shape `OT1/minzpl/m/n' will be
(Font)              scaled to size 6.2pt on input line 234.

Underfull \vbox (badness 3078) has occurred while \output is active []



Package fancyhdr Warning: \headheight is too small (12.0pt): 
(fancyhdr)                Make it at least 14.16994pt, for example:
(fancyhdr)                \setlength{\headheight}{14.16994pt}.
(fancyhdr)                You might also make \topmargin smaller:
(fancyhdr)                \addtolength{\topmargin}{-2.16994pt}.

[19]

Package fancyhdr Warning: \headheight is too small (12.0pt): 
(fancyhdr)                Make it at least 14.16994pt, for example:
(fancyhdr)                \setlength{\headheight}{14.16994pt}.
(fancyhdr)                You might also make \topmargin smaller:
(fancyhdr)                \addtolength{\topmargin}{-2.16994pt}.

[20{c:/texlive/2025/texmf-dist/fonts/enc/dvips/newtx/ntx-ot1-tlf.enc} <./figures/scc.png>]
Underfull \hbox (badness 10000) in paragraph at lines 248--249

 []

) (./mainmatter/2_litrev.tex

Package fancyhdr Warning: \headheight is too small (12.0pt): 
(fancyhdr)                Make it at least 14.16994pt, for example:
(fancyhdr)                \setlength{\headheight}{14.16994pt}.
(fancyhdr)                You might also make \topmargin smaller:
(fancyhdr)                \addtolength{\topmargin}{-2.16994pt}.

[21] [22

]
Chapitre 2.
Package biblatex Info: Reference segment=3 on input line 3.
Package biblatex Info: Setting label 'refsegment:03' on input line 3.
[23]
Underfull \hbox (badness 10000) in paragraph at lines 15--18

 []

Package mdframed Info: mdframed works in twoside mode on input line 22.

Underfull \hbox (badness 10000) in paragraph at lines 22--22

 []


Underfull \hbox (badness 10000) in paragraph at lines 23--25

 []


Underfull \hbox (badness 10000) in paragraph at lines 26--27

 []


Underfull \hbox (badness 10000) in paragraph at lines 28--29

 []


Underfull \hbox (badness 10000) in paragraph at lines 30--31

 []

[24]

Package fancyhdr Warning: \headheight is too small (12.0pt): 
(fancyhdr)                Make it at least 14.16994pt, for example:
(fancyhdr)                \setlength{\headheight}{14.16994pt}.
(fancyhdr)                You might also make \topmargin smaller:
(fancyhdr)                \addtolength{\topmargin}{-2.16994pt}.

[25]
LaTeX Font Info:    Font shape `T1/RobotoSlab-TLF/b/n' aliased to
(Font)              `T1/RobotoSlab-TLF/bold/n' on input line 55.

Underfull \hbox (badness 10000) in paragraph at lines 82--83

 []


Package fancyhdr Warning: \headheight is too small (12.0pt): 
(fancyhdr)                Make it at least 14.16994pt, for example:
(fancyhdr)                \setlength{\headheight}{14.16994pt}.
(fancyhdr)                You might also make \topmargin smaller:
(fancyhdr)                \addtolength{\topmargin}{-2.16994pt}.

[26]
Package marginnote Info: Margin note 39.1 is on absolute page 39 on input line 117.
Package marginnote Info: xpos seems to be 85.35826pt on input line 117.
File: figures/logos/development.png Graphic file (type png)
<use figures/logos/development.png>
Package pdftex.def Info: figures/logos/development.png  used on input line 117.
(pdftex.def)             Requested size: 42.67912pt x 42.67494pt.


Package fancyhdr Warning: \headheight is too small (12.0pt): 
(fancyhdr)                Make it at least 14.16994pt, for example:
(fancyhdr)                \setlength{\headheight}{14.16994pt}.
(fancyhdr)                You might also make \topmargin smaller:
(fancyhdr)                \addtolength{\topmargin}{-2.16994pt}.

[27{c:/texlive/2025/texmf-dist/fonts/enc/dvips/newpx/px-lms.enc}]
Underfull \hbox (badness 10000) in paragraph at lines 143--144

 []

[28]

Package fancyhdr Warning: \headheight is too small (12.0pt): 
(fancyhdr)                Make it at least 14.16994pt, for example:
(fancyhdr)                \setlength{\headheight}{14.16994pt}.
(fancyhdr)                You might also make \topmargin smaller:
(fancyhdr)                \addtolength{\topmargin}{-2.16994pt}.

[29]
LaTeX Font Info:    Font shape `T1/zpltlf/m/n' will be
(Font)              scaled to size 5.5pt on input line 239.

Underfull \hbox (badness 10000) in paragraph at lines 265--266

 []


Underfull \hbox (badness 10000) in paragraph at lines 267--268

 []


Package fancyhdr Warning: \headheight is too small (12.0pt): 
(fancyhdr)                Make it at least 14.16994pt, for example:
(fancyhdr)                \setlength{\headheight}{14.16994pt}.
(fancyhdr)                You might also make \topmargin smaller:
(fancyhdr)                \addtolength{\topmargin}{-2.16994pt}.

[30]
Underfull \hbox (badness 10000) in paragraph at lines 269--270

 []


Package fancyhdr Warning: \headheight is too small (12.0pt): 
(fancyhdr)                Make it at least 14.16994pt, for example:
(fancyhdr)                \setlength{\headheight}{14.16994pt}.
(fancyhdr)                You might also make \topmargin smaller:
(fancyhdr)                \addtolength{\topmargin}{-2.16994pt}.

[31]
<results/shape.png, id=857, 361.35pt x 216.81pt>
File: results/shape.png Graphic file (type png)
<use results/shape.png>
Package pdftex.def Info: results/shape.png  used on input line 279.
(pdftex.def)             Requested size: 227.62206pt x 136.57448pt.

Overfull \hbox (7.0324pt too wide) in paragraph at lines 286--286
|[]\T1/RobotoSlab-TLF/bold/n/12 Les pa-ra-mètres : quel ni-veau de com-plexité faut-il, et que prendre en compte ?| 
 []

<figures/sankey.png, id=860, 594.7821pt x 297.0297pt>
File: figures/sankey.png Graphic file (type png)
<use figures/sankey.png>
Package pdftex.def Info: figures/sankey.png  used on input line 303.
(pdftex.def)             Requested size: 409.71692pt x 204.61984pt.

Underfull \hbox (badness 10000) in paragraph at lines 316--317

 []


Package fancyhdr Warning: \headheight is too small (12.0pt): 
(fancyhdr)                Make it at least 14.16994pt, for example:
(fancyhdr)                \setlength{\headheight}{14.16994pt}.
(fancyhdr)                You might also make \topmargin smaller:
(fancyhdr)                \addtolength{\topmargin}{-2.16994pt}.

[32


 <./results/shape.png>]
Underfull \hbox (badness 10000) in paragraph at lines 318--320

 []


Underfull \hbox (badness 10000) in paragraph at lines 321--322

 []


Package fancyhdr Warning: \headheight is too small (12.0pt): 
(fancyhdr)                Make it at least 14.16994pt, for example:
(fancyhdr)                \setlength{\headheight}{14.16994pt}.
(fancyhdr)                You might also make \topmargin smaller:
(fancyhdr)                \addtolength{\topmargin}{-2.16994pt}.

[33 <./figures/sankey.png>]
Underfull \hbox (badness 10000) in paragraph at lines 323--324

 []


Underfull \hbox (badness 10000) in paragraph at lines 332--333

 []


Underfull \hbox (badness 10000) in paragraph at lines 334--335

 []


Underfull \hbox (badness 10000) in paragraph at lines 336--337

 []

<results/actualisation.png, id=880, 722.7pt x 433.62pt>
File: results/actualisation.png Graphic file (type png)
<use results/actualisation.png>
Package pdftex.def Info: results/actualisation.png  used on input line 343.
(pdftex.def)             Requested size: 455.24411pt x 273.14896pt.

Underfull \hbox (badness 10000) in paragraph at lines 350--351

 []


Underfull \hbox (badness 10000) in paragraph at lines 352--355

 []


Package fancyhdr Warning: \headheight is too small (12.0pt): 
(fancyhdr)                Make it at least 14.16994pt, for example:
(fancyhdr)                \setlength{\headheight}{14.16994pt}.
(fancyhdr)                You might also make \topmargin smaller:
(fancyhdr)                \addtolength{\topmargin}{-2.16994pt}.

[34]

Package fancyhdr Warning: \headheight is too small (12.0pt): 
(fancyhdr)                Make it at least 14.16994pt, for example:
(fancyhdr)                \setlength{\headheight}{14.16994pt}.
(fancyhdr)                You might also make \topmargin smaller:
(fancyhdr)                \addtolength{\topmargin}{-2.16994pt}.

[35 <./results/actualisation.png>]) (./mainmatter/3_modelisation.tex

Package fancyhdr Warning: \headheight is too small (12.0pt): 
(fancyhdr)                Make it at least 14.16994pt, for example:
(fancyhdr)                \setlength{\headheight}{14.16994pt}.
(fancyhdr)                You might also make \topmargin smaller:
(fancyhdr)                \addtolength{\topmargin}{-2.16994pt}.

[36]
Chapitre 3.
Package biblatex Info: Reference segment=4 on input line 3.
Package biblatex Info: Setting label 'refsegment:04' on input line 3.
[37

]
<results/carte_progressive.png, id=901, 1445.4pt x 1084.05pt>
File: results/carte_progressive.png Graphic file (type png)
<use results/carte_progressive.png>
Package pdftex.def Info: results/carte_progressive.png  used on input line 21.
(pdftex.def)             Requested size: 455.24411pt x 341.42793pt.

Underfull \hbox (badness 10000) in paragraph at lines 36--37

 []


Underfull \vbox (badness 10000) has occurred while \output is active []



Package fancyhdr Warning: \headheight is too small (12.0pt): 
(fancyhdr)                Make it at least 14.16994pt, for example:
(fancyhdr)                \setlength{\headheight}{14.16994pt}.
(fancyhdr)                You might also make \topmargin smaller:
(fancyhdr)                \addtolength{\topmargin}{-2.16994pt}.

[38]

Package fancyhdr Warning: \headheight is too small (12.0pt): 
(fancyhdr)                Make it at least 14.16994pt, for example:
(fancyhdr)                \setlength{\headheight}{14.16994pt}.
(fancyhdr)                You might also make \topmargin smaller:
(fancyhdr)                \addtolength{\topmargin}{-2.16994pt}.

[39 <./results/carte_progressive.png>]
Package mdframed Info: mdframed works in twoside mode on input line 58.

Underfull \hbox (badness 10000) in paragraph at lines 58--58

 []


Underfull \hbox (badness 10000) in paragraph at lines 60--61

 []


Underfull \hbox (badness 10000) in paragraph at lines 62--63

 []

[40]
Package mdframed Info: mdframed works in twoside mode on input line 68.

Underfull \hbox (badness 10000) in paragraph at lines 68--68

 []


Underfull \hbox (badness 10000) in paragraph at lines 70--71

 []


Underfull \hbox (badness 10000) in paragraph at lines 72--73

 []


Underfull \hbox (badness 10000) in paragraph at lines 78--79

 []


Package fancyhdr Warning: \headheight is too small (12.0pt): 
(fancyhdr)                Make it at least 14.16994pt, for example:
(fancyhdr)                \setlength{\headheight}{14.16994pt}.
(fancyhdr)                You might also make \topmargin smaller:
(fancyhdr)                \addtolength{\topmargin}{-2.16994pt}.

[41]
Underfull \hbox (badness 10000) in paragraph at lines 86--88

 []


Underfull \hbox (badness 10000) in paragraph at lines 89--93

 []


Underfull \hbox (badness 10000) in paragraph at lines 94--95

 []

[42]
Package mdframed Info: mdframed works in twoside mode on input line 98.

Underfull \hbox (badness 10000) in paragraph at lines 98--98

 []

Package marginnote Info: Margin note 55.1 is on absolute page 55 on input line 106.
Package marginnote Info: xpos seems to be 95.35826pt on input line 106.
File: figures/logos/development.png Graphic file (type png)
<use figures/logos/development.png>
Package pdftex.def Info: figures/logos/development.png  used on input line 106.
(pdftex.def)             Requested size: 42.67912pt x 42.67494pt.
Package mdframed Info: mdframed works in twoside mode on input line 125.

Underfull \hbox (badness 10000) in paragraph at lines 125--125

 []

Package marginnote Info: Margin note 55.2 is on absolute page 55 on input line 126.
Package marginnote Info: xpos seems to be 453.09663pt on input line 126.
File: figures/logos/development.png Graphic file (type png)
<use figures/logos/development.png>
Package pdftex.def Info: figures/logos/development.png  used on input line 126.
(pdftex.def)             Requested size: 42.67912pt x 42.67494pt.

Underfull \hbox (badness 10000) in paragraph at lines 126--127

 []


Package mdframed Warning: You got a bad break
(mdframed)                because the last box will be empty
(mdframed)                you have to change it manually
(mdframed)                by changing the text, the space
(mdframed)                or something else on input line 131.


Package fancyhdr Warning: \headheight is too small (12.0pt): 
(fancyhdr)                Make it at least 14.16994pt, for example:
(fancyhdr)                \setlength{\headheight}{14.16994pt}.
(fancyhdr)                You might also make \topmargin smaller:
(fancyhdr)                \addtolength{\topmargin}{-2.16994pt}.

[43]
Underfull \hbox (badness 10000) in paragraph at lines 156--158

 []


Underfull \hbox (badness 10000) in paragraph at lines 159--160

 []

[44]
Underfull \hbox (badness 10000) in paragraph at lines 172--173

 []


Package fancyhdr Warning: \headheight is too small (12.0pt): 
(fancyhdr)                Make it at least 14.16994pt, for example:
(fancyhdr)                \setlength{\headheight}{14.16994pt}.
(fancyhdr)                You might also make \topmargin smaller:
(fancyhdr)                \addtolength{\topmargin}{-2.16994pt}.

[45]
Package marginnote Info: Margin note 58.1 is on absolute page 58 on input line 208.
File: figures/logos/development.png Graphic file (type png)
<use figures/logos/development.png>
Package pdftex.def Info: figures/logos/development.png  used on input line 208.
(pdftex.def)             Requested size: 42.67912pt x 42.67494pt.
Package marginnote Info: xpos seems to be 379.67517pt on input line 208.
<results/slr_4_2.png, id=963, 1084.05pt x 722.7pt>
File: results/slr_4_2.png Graphic file (type png)
<use results/slr_4_2.png>
Package pdftex.def Info: results/slr_4_2.png  used on input line 212.
(pdftex.def)             Requested size: 455.24411pt x 303.49884pt.
Package mdframed Info: mdframed works in twoside mode on input line 221.

Underfull \hbox (badness 10000) in paragraph at lines 221--221

 []

Package marginnote Info: Margin note 58.2 is on absolute page 58 on input line 221.
File: figures/logos/development.png Graphic file (type png)
<use figures/logos/development.png>
Package pdftex.def Info: figures/logos/development.png  used on input line 221.
(pdftex.def)             Requested size: 42.67912pt x 42.67494pt.
Package marginnote Info: xpos seems to be 398.02515pt on input line 221.

Underfull \hbox (badness 10000) in paragraph at lines 221--222

 []


Underfull \hbox (badness 10000) in paragraph at lines 223--224

 []

[46]

Package fancyhdr Warning: \headheight is too small (12.0pt): 
(fancyhdr)                Make it at least 14.16994pt, for example:
(fancyhdr)                \setlength{\headheight}{14.16994pt}.
(fancyhdr)                You might also make \topmargin smaller:
(fancyhdr)                \addtolength{\topmargin}{-2.16994pt}.

[47 <./results/slr_4_2.png>]
<illustrations/rect1.png, id=978, 423.08063pt x 232.61906pt>
File: illustrations/rect1.png Graphic file (type png)
<use illustrations/rect1.png>
Package pdftex.def Info: illustrations/rect1.png  used on input line 231.
(pdftex.def)             Requested size: 455.24411pt x 250.31262pt.
 [48 <./illustrations/rect1.png>] (./results/regression_1.tex)
Underfull \hbox (badness 10000) in paragraph at lines 258--259

 []

Package marginnote Info: Margin note 61.1 is on absolute page 61 on input line 267.
Package marginnote Info: xpos seems to be 85.35826pt on input line 267.
File: figures/logos/development.png Graphic file (type png)
<use figures/logos/development.png>
Package pdftex.def Info: figures/logos/development.png  used on input line 267.
(pdftex.def)             Requested size: 42.67912pt x 42.67494pt.

Underfull \hbox (badness 10000) in paragraph at lines 269--270

 []


Package fancyhdr Warning: \headheight is too small (12.0pt): 
(fancyhdr)                Make it at least 14.16994pt, for example:
(fancyhdr)                \setlength{\headheight}{14.16994pt}.
(fancyhdr)                You might also make \topmargin smaller:
(fancyhdr)                \addtolength{\topmargin}{-2.16994pt}.

[49] [50]
Underfull \hbox (badness 10000) in paragraph at lines 273--274

 []


Underfull \hbox (badness 10000) in paragraph at lines 275--276

 []


Underfull \hbox (badness 10000) in paragraph at lines 278--279

 []

(./results/regression_global.tex)
Underfull \hbox (badness 10000) in paragraph at lines 289--290

 []


Package fancyhdr Warning: \headheight is too small (12.0pt): 
(fancyhdr)                Make it at least 14.16994pt, for example:
(fancyhdr)                \setlength{\headheight}{14.16994pt}.
(fancyhdr)                You might also make \topmargin smaller:
(fancyhdr)                \addtolength{\topmargin}{-2.16994pt}.

[51] [52]
<results/cartogramme_4.png, id=1008, 650.43pt x 1084.05pt>
File: results/cartogramme_4.png Graphic file (type png)
<use results/cartogramme_4.png>
Package pdftex.def Info: results/cartogramme_4.png  used on input line 304.
(pdftex.def)             Requested size: 341.43306pt x 569.06862pt.


LaTeX Warning: Float too large for page by 73.98856pt on input line 307.


Underfull \hbox (badness 10000) in paragraph at lines 330--334

 []

<results/exponent.png, id=1014, 462.528pt x 346.896pt>
File: results/exponent.png Graphic file (type png)
<use results/exponent.png>
Package pdftex.def Info: results/exponent.png  used on input line 344.
(pdftex.def)             Requested size: 227.62206pt x 170.71628pt.
LaTeX Font Info:    Font shape `T1/zpltlf/m/n' will be
(Font)              scaled to size 7.0pt on input line 345.
LaTeX Font Info:    Font shape `T1/zpltlf/b/n' will be
(Font)              scaled to size 7.0pt on input line 345.
<results/norm_constant.png, id=1015, 462.528pt x 346.896pt>
File: results/norm_constant.png Graphic file (type png)
<use results/norm_constant.png>
Package pdftex.def Info: results/norm_constant.png  used on input line 351.
(pdftex.def)             Requested size: 227.62206pt x 170.71628pt.
LaTeX Font Info:    Font shape `T1/zpltlf/m/n' will be
(Font)              scaled to size 6.2pt on input line 355.

Underfull \vbox (badness 10000) has occurred while \output is active []



Package fancyhdr Warning: \headheight is too small (12.0pt): 
(fancyhdr)                Make it at least 14.16994pt, for example:
(fancyhdr)                \setlength{\headheight}{14.16994pt}.
(fancyhdr)                You might also make \topmargin smaller:
(fancyhdr)                \addtolength{\topmargin}{-2.16994pt}.

[53] [54 <./results/cartogramme_4.png>]

Package fancyhdr Warning: \headheight is too small (12.0pt): 
(fancyhdr)                Make it at least 14.16994pt, for example:
(fancyhdr)                \setlength{\headheight}{14.16994pt}.
(fancyhdr)                You might also make \topmargin smaller:
(fancyhdr)                \addtolength{\topmargin}{-2.16994pt}.

[55 <./results/exponent.png> <./results/norm_constant.png>]
Underfull \hbox (badness 10000) in paragraph at lines 364--365

 []


Underfull \hbox (badness 10000) in paragraph at lines 383--384

 []


Underfull \hbox (badness 10000) in paragraph at lines 385--386

 []

[56]
Underfull \hbox (badness 10000) in paragraph at lines 387--388

 []


Underfull \hbox (badness 10000) in paragraph at lines 389--390

 []

) (./mainmatter/4_ethique.tex

Package fancyhdr Warning: \headheight is too small (12.0pt): 
(fancyhdr)                Make it at least 14.16994pt, for example:
(fancyhdr)                \setlength{\headheight}{14.16994pt}.
(fancyhdr)                You might also make \topmargin smaller:
(fancyhdr)                \addtolength{\topmargin}{-2.16994pt}.

[57] [58

]
Chapitre 4.
Package biblatex Info: Reference segment=5 on input line 3.
Package biblatex Info: Setting label 'refsegment:05' on input line 3.
[59]
Underfull \hbox (badness 10000) in paragraph at lines 45--46

 []


Underfull \vbox (badness 4242) has occurred while \output is active []



Package fancyhdr Warning: \headheight is too small (12.0pt): 
(fancyhdr)                Make it at least 14.16994pt, for example:
(fancyhdr)                \setlength{\headheight}{14.16994pt}.
(fancyhdr)                You might also make \topmargin smaller:
(fancyhdr)                \addtolength{\topmargin}{-2.16994pt}.

[60]
Underfull \hbox (badness 10000) in paragraph at lines 47--48

 []

<venn_ethics.png, id=1061, 1058.95625pt x 1117.17375pt>
File: venn_ethics.png Graphic file (type png)
<use venn_ethics.png>
Package pdftex.def Info: venn_ethics.png  used on input line 54.
(pdftex.def)             Requested size: 273.14923pt x 288.15703pt.

Package fancyhdr Warning: \headheight is too small (12.0pt): 
(fancyhdr)                Make it at least 14.16994pt, for example:
(fancyhdr)                \setlength{\headheight}{14.16994pt}.
(fancyhdr)                You might also make \topmargin smaller:
(fancyhdr)                \addtolength{\topmargin}{-2.16994pt}.

[61]

Package fancyhdr Warning: \headheight is too small (12.0pt): 
(fancyhdr)                Make it at least 14.16994pt, for example:
(fancyhdr)                \setlength{\headheight}{14.16994pt}.
(fancyhdr)                You might also make \topmargin smaller:
(fancyhdr)                \addtolength{\topmargin}{-2.16994pt}.

[62 <./venn_ethics.png>]
Underfull \hbox (badness 10000) in paragraph at lines 91--92

 []


Package fancyhdr Warning: \headheight is too small (12.0pt): 
(fancyhdr)                Make it at least 14.16994pt, for example:
(fancyhdr)                \setlength{\headheight}{14.16994pt}.
(fancyhdr)                You might also make \topmargin smaller:
(fancyhdr)                \addtolength{\topmargin}{-2.16994pt}.

[63]

Package fancyhdr Warning: \headheight is too small (12.0pt): 
(fancyhdr)                Make it at least 14.16994pt, for example:
(fancyhdr)                \setlength{\headheight}{14.16994pt}.
(fancyhdr)                You might also make \topmargin smaller:
(fancyhdr)                \addtolength{\topmargin}{-2.16994pt}.

[64]
<results/carte_fund.png, id=1100, 361.35pt x 216.81pt>
File: results/carte_fund.png Graphic file (type png)
<use results/carte_fund.png>
Package pdftex.def Info: results/carte_fund.png  used on input line 128.
(pdftex.def)             Requested size: 204.85846pt x 122.9147pt.
<results/carte_wiliam.png, id=1101, 361.35pt x 216.81pt>
File: results/carte_wiliam.png Graphic file (type png)
<use results/carte_wiliam.png>
Package pdftex.def Info: results/carte_wiliam.png  used on input line 135.
(pdftex.def)             Requested size: 204.85846pt x 122.9147pt.

Underfull \hbox (badness 10000) in paragraph at lines 145--146

 []


Package fancyhdr Warning: \headheight is too small (12.0pt): 
(fancyhdr)                Make it at least 14.16994pt, for example:
(fancyhdr)                \setlength{\headheight}{14.16994pt}.
(fancyhdr)                You might also make \topmargin smaller:
(fancyhdr)                \addtolength{\topmargin}{-2.16994pt}.

[65 <./results/carte_fund.png> <./results/carte_wiliam.png>]
Underfull \hbox (badness 10000) in paragraph at lines 147--148

 []


Underfull \vbox (badness 1502) has occurred while \output is active []



Package fancyhdr Warning: \headheight is too small (12.0pt): 
(fancyhdr)                Make it at least 14.16994pt, for example:
(fancyhdr)                \setlength{\headheight}{14.16994pt}.
(fancyhdr)                You might also make \topmargin smaller:
(fancyhdr)                \addtolength{\topmargin}{-2.16994pt}.

[66]

Package fancyhdr Warning: \headheight is too small (12.0pt): 
(fancyhdr)                Make it at least 14.16994pt, for example:
(fancyhdr)                \setlength{\headheight}{14.16994pt}.
(fancyhdr)                You might also make \topmargin smaller:
(fancyhdr)                \addtolength{\topmargin}{-2.16994pt}.

[67]
Underfull \hbox (badness 10000) in paragraph at lines 200--201

 []


Package fancyhdr Warning: \headheight is too small (12.0pt): 
(fancyhdr)                Make it at least 14.16994pt, for example:
(fancyhdr)                \setlength{\headheight}{14.16994pt}.
(fancyhdr)                You might also make \topmargin smaller:
(fancyhdr)                \addtolength{\topmargin}{-2.16994pt}.

[68]
<reductionisme.png, id=1138, 943.525pt x 938.50626pt>
File: reductionisme.png Graphic file (type png)
<use reductionisme.png>
Package pdftex.def Info: reductionisme.png  used on input line 215.
(pdftex.def)             Requested size: 273.14923pt x 271.70158pt.

Underfull \hbox (badness 10000) in paragraph at lines 228--229

 []


Package fancyhdr Warning: \headheight is too small (12.0pt): 
(fancyhdr)                Make it at least 14.16994pt, for example:
(fancyhdr)                \setlength{\headheight}{14.16994pt}.
(fancyhdr)                You might also make \topmargin smaller:
(fancyhdr)                \addtolength{\topmargin}{-2.16994pt}.

[69]

Package fancyhdr Warning: \headheight is too small (12.0pt): 
(fancyhdr)                Make it at least 14.16994pt, for example:
(fancyhdr)                \setlength{\headheight}{14.16994pt}.
(fancyhdr)                You might also make \topmargin smaller:
(fancyhdr)                \addtolength{\topmargin}{-2.16994pt}.

[70 <./reductionisme.png>]
Underfull \hbox (badness 10000) in paragraph at lines 231--232

 []


Underfull \hbox (badness 10000) in paragraph at lines 253--254

 []


Package fancyhdr Warning: \headheight is too small (12.0pt): 
(fancyhdr)                Make it at least 14.16994pt, for example:
(fancyhdr)                \setlength{\headheight}{14.16994pt}.
(fancyhdr)                You might also make \topmargin smaller:
(fancyhdr)                \addtolength{\topmargin}{-2.16994pt}.

[71]
LaTeX Font Info:    Font shape `T1/zpltlf/b/it' will be
(Font)              scaled to size 10.0pt on input line 261.

Underfull \vbox (badness 10000) has occurred while \output is active []



Package fancyhdr Warning: \headheight is too small (12.0pt): 
(fancyhdr)                Make it at least 14.16994pt, for example:
(fancyhdr)                \setlength{\headheight}{14.16994pt}.
(fancyhdr)                You might also make \topmargin smaller:
(fancyhdr)                \addtolength{\topmargin}{-2.16994pt}.

[72]
Underfull \hbox (badness 10000) in paragraph at lines 298--299

 []


Package fancyhdr Warning: \headheight is too small (12.0pt): 
(fancyhdr)                Make it at least 14.16994pt, for example:
(fancyhdr)                \setlength{\headheight}{14.16994pt}.
(fancyhdr)                You might also make \topmargin smaller:
(fancyhdr)                \addtolength{\topmargin}{-2.16994pt}.

[73]
Underfull \hbox (badness 10000) in paragraph at lines 304--305

 []


Underfull \vbox (badness 10000) has occurred while \output is active []



Package fancyhdr Warning: \headheight is too small (12.0pt): 
(fancyhdr)                Make it at least 14.16994pt, for example:
(fancyhdr)                \setlength{\headheight}{14.16994pt}.
(fancyhdr)                You might also make \topmargin smaller:
(fancyhdr)                \addtolength{\topmargin}{-2.16994pt}.

[74]
Underfull \hbox (badness 10000) in paragraph at lines 335--336

 []


Package fancyhdr Warning: \headheight is too small (12.0pt): 
(fancyhdr)                Make it at least 14.16994pt, for example:
(fancyhdr)                \setlength{\headheight}{14.16994pt}.
(fancyhdr)                You might also make \topmargin smaller:
(fancyhdr)                \addtolength{\topmargin}{-2.16994pt}.

[75]
Underfull \hbox (badness 10000) in paragraph at lines 349--350

 []


Underfull \hbox (badness 10000) in paragraph at lines 363--364

 []


Package fancyhdr Warning: \headheight is too small (12.0pt): 
(fancyhdr)                Make it at least 14.16994pt, for example:
(fancyhdr)                \setlength{\headheight}{14.16994pt}.
(fancyhdr)                You might also make \topmargin smaller:
(fancyhdr)                \addtolength{\topmargin}{-2.16994pt}.

[76]

Package fancyhdr Warning: \headheight is too small (12.0pt): 
(fancyhdr)                Make it at least 14.16994pt, for example:
(fancyhdr)                \setlength{\headheight}{14.16994pt}.
(fancyhdr)                You might also make \topmargin smaller:
(fancyhdr)                \addtolength{\topmargin}{-2.16994pt}.

[77]
Underfull \hbox (badness 10000) in paragraph at lines 401--402

 []


Underfull \hbox (badness 10000) in paragraph at lines 409--410

 []


Package fancyhdr Warning: \headheight is too small (12.0pt): 
(fancyhdr)                Make it at least 14.16994pt, for example:
(fancyhdr)                \setlength{\headheight}{14.16994pt}.
(fancyhdr)                You might also make \topmargin smaller:
(fancyhdr)                \addtolength{\topmargin}{-2.16994pt}.

[78]
Underfull \hbox (badness 10000) in paragraph at lines 431--432

 []


Package fancyhdr Warning: \headheight is too small (12.0pt): 
(fancyhdr)                Make it at least 14.16994pt, for example:
(fancyhdr)                \setlength{\headheight}{14.16994pt}.
(fancyhdr)                You might also make \topmargin smaller:
(fancyhdr)                \addtolength{\topmargin}{-2.16994pt}.

[79]) (./mainmatter/5_socio.tex

Package fancyhdr Warning: \headheight is too small (12.0pt): 
(fancyhdr)                Make it at least 14.16994pt, for example:
(fancyhdr)                \setlength{\headheight}{14.16994pt}.
(fancyhdr)                You might also make \topmargin smaller:
(fancyhdr)                \addtolength{\topmargin}{-2.16994pt}.

[80]
Chapitre 5.
Package biblatex Info: Reference segment=6 on input line 3.
Package biblatex Info: Setting label 'refsegment:06' on input line 3.
LaTeX Font Info:    Font shape `T1/zpltlf/m/it' will be
(Font)              scaled to size 7.3pt on input line 8.
[81

]
Package mdframed Info: mdframed works in twoside mode on input line 34.

Underfull \hbox (badness 10000) in paragraph at lines 34--34

 []


Underfull \hbox (badness 10000) in paragraph at lines 36--37

 []


Underfull \hbox (badness 10000) in paragraph at lines 38--39

 []


Underfull \hbox (badness 10000) in paragraph at lines 40--41

 []


Underfull \hbox (badness 10000) in paragraph at lines 42--43

 []

[82]
Underfull \vbox (badness 3158) has occurred while \output is active []



Package fancyhdr Warning: \headheight is too small (12.0pt): 
(fancyhdr)                Make it at least 14.16994pt, for example:
(fancyhdr)                \setlength{\headheight}{14.16994pt}.
(fancyhdr)                You might also make \topmargin smaller:
(fancyhdr)                \addtolength{\topmargin}{-2.16994pt}.

[83]
Underfull \hbox (badness 10000) in paragraph at lines 60--61

 []


Underfull \hbox (badness 10000) in paragraph at lines 69--70

 []

[84]
Underfull \hbox (badness 10000) in paragraph at lines 86--87

 []


Underfull \hbox (badness 10000) in paragraph at lines 89--90

 []


Package fancyhdr Warning: \headheight is too small (12.0pt): 
(fancyhdr)                Make it at least 14.16994pt, for example:
(fancyhdr)                \setlength{\headheight}{14.16994pt}.
(fancyhdr)                You might also make \topmargin smaller:
(fancyhdr)                \addtolength{\topmargin}{-2.16994pt}.

[85]
Underfull \hbox (badness 10000) in paragraph at lines 98--99

 []


Underfull \hbox (badness 10000) in paragraph at lines 100--101

 []

[86]
Underfull \hbox (badness 10000) in paragraph at lines 132--133

 []


Underfull \hbox (badness 10000) in paragraph at lines 134--135

 []


Underfull \hbox (badness 10000) in paragraph at lines 144--145

 []


Package fancyhdr Warning: \headheight is too small (12.0pt): 
(fancyhdr)                Make it at least 14.16994pt, for example:
(fancyhdr)                \setlength{\headheight}{14.16994pt}.
(fancyhdr)                You might also make \topmargin smaller:
(fancyhdr)                \addtolength{\topmargin}{-2.16994pt}.

[87] [88]
Underfull \hbox (badness 10000) in paragraph at lines 203--204

 []


Package fancyhdr Warning: \headheight is too small (12.0pt): 
(fancyhdr)                Make it at least 14.16994pt, for example:
(fancyhdr)                \setlength{\headheight}{14.16994pt}.
(fancyhdr)                You might also make \topmargin smaller:
(fancyhdr)                \addtolength{\topmargin}{-2.16994pt}.

[89]
Underfull \hbox (badness 10000) in paragraph at lines 211--212

 []

[90]
Underfull \vbox (badness 4859) has occurred while \output is active []



Package fancyhdr Warning: \headheight is too small (12.0pt): 
(fancyhdr)                Make it at least 14.16994pt, for example:
(fancyhdr)                \setlength{\headheight}{14.16994pt}.
(fancyhdr)                You might also make \topmargin smaller:
(fancyhdr)                \addtolength{\topmargin}{-2.16994pt}.

[91]
Underfull \vbox (badness 10000) has occurred while \output is active []

 [92]) (./mainmatter/6_conclusion.tex

Package fancyhdr Warning: \headheight is too small (12.0pt): 
(fancyhdr)                Make it at least 14.16994pt, for example:
(fancyhdr)                \setlength{\headheight}{14.16994pt}.
(fancyhdr)                You might also make \topmargin smaller:
(fancyhdr)                \addtolength{\topmargin}{-2.16994pt}.

[93] [94

]
Chapitre 6.
Package biblatex Info: Reference segment=7 on input line 3.
Package biblatex Info: Setting label 'refsegment:07' on input line 3.

Underfull \hbox (badness 10000) in paragraph at lines 17--18

 []


Underfull \hbox (badness 10000) in paragraph at lines 19--20

 []

[95]
Underfull \hbox (badness 10000) in paragraph at lines 21--22

 []


Underfull \hbox (badness 10000) in paragraph at lines 23--24

 []


Underfull \hbox (badness 10000) in paragraph at lines 25--26

 []


Package fancyhdr Warning: \headheight is too small (12.0pt): 
(fancyhdr)                Make it at least 14.16994pt, for example:
(fancyhdr)                \setlength{\headheight}{14.16994pt}.
(fancyhdr)                You might also make \topmargin smaller:
(fancyhdr)                \addtolength{\topmargin}{-2.16994pt}.

[96]
Underfull \hbox (badness 10000) in paragraph at lines 29--30

 []


Underfull \hbox (badness 10000) in paragraph at lines 31--32

 []


Underfull \hbox (badness 10000) in paragraph at lines 37--38

 []

)
Package biblatex Info: Reference segment=8 on input line 293.
Package biblatex Info: Setting label 'refsegment:08' on input line 293.


Package fancyhdr Warning: \headheight is too small (12.0pt): 
(fancyhdr)                Make it at least 14.16994pt, for example:
(fancyhdr)                \setlength{\headheight}{14.16994pt}.
(fancyhdr)                You might also make \topmargin smaller:
(fancyhdr)                \addtolength{\topmargin}{-2.16994pt}.

[97] [98

]
Annexe A.
(./report.gls [99]

LaTeX Warning: Citation 'aykut_gouverner_nodate' on page 100 undefined on input line 46.


Overfull \hbox (47.7529pt too wide) in paragraph at lines 46--46
[]\T1/zpltlf/m/n/10 (-20) Terme re-pris de [],
 []

[100])

Package fancyhdr Warning: \headheight is too small (12.0pt): 
(fancyhdr)                Make it at least 14.16994pt, for example:
(fancyhdr)                \setlength{\headheight}{14.16994pt}.
(fancyhdr)                You might also make \topmargin smaller:
(fancyhdr)                \addtolength{\topmargin}{-2.16994pt}.

[101] [102

]
Annexe B.
LaTeX Font Info:    Trying to load font information for T1+npxtt on input line 306.
(c:/texlive/2025/texmf-dist/tex/latex/newpx/t1npxtt.fd
File: t1npxtt.fd 2000/12/14 v1.0
)
LaTeX Font Info:    Font shape `T1/npxtt/m/n' will be
(Font)              scaled to size 10.0pt on input line 306.
Package microtype Info: Loading generic protrusion settings for font family
(microtype)             `npxtt' (encoding: T1).
(microtype)             For optimal results, create family-specific settings.
(microtype)             See the microtype manual for details.

Underfull \hbox (badness 7012) in paragraph at lines 307--307
[][][]\T1/zpltlf/m/sc/10 (+20) Aykut[]\T1/zpltlf/m/n/10 (+20) , Ste-fan C. et Amy []\T1/zpltlf/m/sc/10 (+20) Dahan []\T1/zpltlf/m/n/10 (+20) (2015).
 []


Underfull \hbox (badness 6876) in paragraph at lines 307--307
\T1/zpltlf/m/it/10 (+20) Gou-ver-ner le cli-mat ? \T1/zpltlf/m/n/10 (+20) Pu-bli-ca-tion Title:
 []


Underfull \hbox (badness 10000) in paragraph at lines 307--307
\T1/zpltlf/m/n/10 http://journals.openedition.org.ezpaarse.univ-
 []

[103]

Package fancyhdr Warning: \headheight is too small (12.0pt): 
(fancyhdr)                Make it at least 14.16994pt, for example:
(fancyhdr)                \setlength{\headheight}{14.16994pt}.
(fancyhdr)                You might also make \topmargin smaller:
(fancyhdr)                \addtolength{\topmargin}{-2.16994pt}.

[104]

Package fancyhdr Warning: \headheight is too small (12.0pt): 
(fancyhdr)                Make it at least 14.16994pt, for example:
(fancyhdr)                \setlength{\headheight}{14.16994pt}.
(fancyhdr)                You might also make \topmargin smaller:
(fancyhdr)                \addtolength{\topmargin}{-2.16994pt}.

[105]
Underfull \hbox (badness 5359) in paragraph at lines 308--308
\T1/zpltlf/m/n/10 (+20) NESS4Climate. \T1/zpltlf/m/sc/10 (+20) url \T1/zpltlf/m/n/10 (+20) : [][]$\T1/npxtt/m/n/10 h t t p s  : / / w w w  .
 []


Package fancyhdr Warning: \headheight is too small (12.0pt): 
(fancyhdr)                Make it at least 14.16994pt, for example:
(fancyhdr)                \setlength{\headheight}{14.16994pt}.
(fancyhdr)                You might also make \topmargin smaller:
(fancyhdr)                \addtolength{\topmargin}{-2.16994pt}.

[106]
Underfull \hbox (badness 7012) in paragraph at lines 310--310
[][][]\T1/zpltlf/m/sc/10 (+20) Aykut[]\T1/zpltlf/m/n/10 (+20) , Ste-fan C. et Amy []\T1/zpltlf/m/sc/10 (+20) Dahan []\T1/zpltlf/m/n/10 (+20) (2015).
 []


Underfull \hbox (badness 6876) in paragraph at lines 310--310
\T1/zpltlf/m/it/10 (+20) Gou-ver-ner le cli-mat ? \T1/zpltlf/m/n/10 (+20) Pu-bli-ca-tion Title:
 []


Underfull \hbox (badness 10000) in paragraph at lines 310--310
\T1/zpltlf/m/n/10 http://journals.openedition.org.ezpaarse.univ-
 []


Package fancyhdr Warning: \headheight is too small (12.0pt): 
(fancyhdr)                Make it at least 14.16994pt, for example:
(fancyhdr)                \setlength{\headheight}{14.16994pt}.
(fancyhdr)                You might also make \topmargin smaller:
(fancyhdr)                \addtolength{\topmargin}{-2.16994pt}.

[107]
Overfull \hbox (0.26256pt too wide) in paragraph at lines 310--310
[][][]\T1/zpltlf/m/sc/10 (-20) LOCOMOTION-h2020 []\T1/zpltlf/m/n/10 (-20) (7 fév. 2024). \T1/zpltlf/m/it/10 (-20) LOCOMOTION-
 []


Underfull \hbox (badness 5403) in paragraph at lines 311--311
|\T1/RobotoSlab-TLF/bold/n/14.4 Interpréter le mo-dèle dans le
 []


Underfull \hbox (badness 7012) in paragraph at lines 311--311
[][][]\T1/zpltlf/m/sc/10 (+20) Aykut[]\T1/zpltlf/m/n/10 (+20) , Ste-fan C. et Amy []\T1/zpltlf/m/sc/10 (+20) Dahan []\T1/zpltlf/m/n/10 (+20) (2015).
 []


Underfull \hbox (badness 6876) in paragraph at lines 311--311
\T1/zpltlf/m/it/10 (+20) Gou-ver-ner le cli-mat ? \T1/zpltlf/m/n/10 (+20) Pu-bli-ca-tion Title:
 []


Underfull \hbox (badness 10000) in paragraph at lines 311--311
\T1/zpltlf/m/n/10 http://journals.openedition.org.ezpaarse.univ-
 []


Package fancyhdr Warning: \headheight is too small (12.0pt): 
(fancyhdr)                Make it at least 14.16994pt, for example:
(fancyhdr)                \setlength{\headheight}{14.16994pt}.
(fancyhdr)                You might also make \topmargin smaller:
(fancyhdr)                \addtolength{\topmargin}{-2.16994pt}.

[108] (./appendix/grille_entretien.tex

Package fancyhdr Warning: \headheight is too small (12.0pt): 
(fancyhdr)                Make it at least 14.16994pt, for example:
(fancyhdr)                \setlength{\headheight}{14.16994pt}.
(fancyhdr)                You might also make \topmargin smaller:
(fancyhdr)                \addtolength{\topmargin}{-2.16994pt}.

[109] [110

]
Annexe C.
[111] [112])

Package fancyhdr Warning: \headheight is too small (12.0pt): 
(fancyhdr)                Make it at least 14.16994pt, for example:
(fancyhdr)                \setlength{\headheight}{14.16994pt}.
(fancyhdr)                You might also make \topmargin smaller:
(fancyhdr)                \addtolength{\topmargin}{-2.16994pt}.

[113] [114

] (./report.lof)
\tf@lof=\write11
\openout11 = `report.lof'.



Package caption Warning: Unused \captionsetup[method] on input line 190.
See the caption package documentation for explanation.

[115] (./report.aux)
 ***********
LaTeX2e <2025-11-01>
L3 programming layer <2020/03/25>
 ***********


LaTeX Font Warning: Some font shapes were not available, defaults substituted.

Package rerunfilecheck Info: File `report.out' has not changed.
(rerunfilecheck)             Checksum: 73A9F04B64923614AB284399FB93AC90;17849.
Package logreq Info: Writing requests to 'report.run.xml'.
\openout1 = `report.run.xml'.

 ) 
Here is how much of TeX's memory you used:
 71694 strings out of 468662
 1597258 string characters out of 5444563
 2655341 words of memory out of 5000000
 98620 multiletter control sequences out of 15000+600000
 825988 words of font info for 362 fonts, out of 8000000 for 9000
 430 hyphenation exceptions out of 8191
 99i,17n,108p,3823b,2898s stack positions out of 10000i,1000n,20000p,200000b,200000s

pdfTeX warning (dest): name{cite.0@noauthor_future_nodate} has been referenced but does not exist, replaced by a fixed one


pdfTeX warning (dest): name{cite.0@van_beek_persuasive_2023} has been referenced but does not exist, replaced by a fixed one


pdfTeX warning (dest): name{cite.0@pacchetti_for_2024} has been referenced but does not exist, replaced by a fixed one

<c:/texlive/2025/texmf-dist/fonts/type1/public/newpx/NewPXMI.pfb><c:/texlive/2025/texmf-dist/fonts/type1/public/newpx/NewPXMI_gnu.pfb><c:/texlive/2025/texmf-dist/fonts/type1/google/roboto/RobotoSlab-Bold.pfb><c:/texlive/2025/texmf-dist/fonts/type1/google/roboto/RobotoSlab-Light.pfb><c:/texlive/2025/texmf-dist/fonts/type1/google/roboto/RobotoSlab-Thin.pfb><c:/texlive/2025/texmf-dist/fonts/type1/public/newpx/pxmiaX.pfb><c:/texlive/2025/texmf-dist/fonts/type1/public/newpx/pxsys.pfb><c:/texlive/2025/texmf-dist/fonts/type1/public/txfonts/t1xtt.pfb><c:/texlive/2025/texmf-dist/fonts/type1/public/newtx/txexas.pfb><c:/texlive/2025/texmf-dist/fonts/type1/public/newtx/txexs.pfb><c:/texlive/2025/texmf-dist/fonts/type1/public/newpx/zplb.pfb><c:/texlive/2025/texmf-dist/fonts/type1/public/newpx/zplbi.pfb><c:/texlive/2025/texmf-dist/fonts/type1/public/newpx/zplr.pfb><c:/texlive/2025/texmf-dist/fonts/type1/public/newpx/zplri.pfb>
Output written on report.pdf (127 pages, 9699338 bytes).
PDF statistics:
 1938 PDF objects out of 2073 (max. 8388607)
 1665 compressed objects within 17 object streams
 360 named destinations out of 1000 (max. 500000)
 57582 words of extra memory for PDF output out of 61914 (max. 10000000)

